s_str,t_str,st_samestr,s_stem,t_stem,st_samestem,s_pos,t_pos,st_precede,st_follow,class
effects,effect,0,effect,effect,1,NNS,NN,1,1,bigrammar-others
performances,performance,0,performance,performance,1,NNS,NN,1,1,bigrammar-others
?,the,0,?,the,0,?,DET,0,0,mogrammar-det
examined,examine,0,examine,examine,1,VBN,VB,1,1,bigrammar-vtense
performances,performance,0,performance,performance,1,NNS,NN,1,1,bigrammar-others
the,?,0,the,?,0,DET,?,0,0,mogrammar-det
for,of,0,for,of,0,IN,IN,1,1,bigrammar-prep
various,different,0,various,different,0,JJ,JJ,0,1,paraphrase
by,through,0,by,through,0,IN,IN,1,1,bigrammar-prep
?,the,0,?,the,0,?,DET,0,0,mogrammar-det
for,to,0,for,to,0,IN,TO,1,1,bigrammar-prep
accuracies,accuracy,0,accuracy,accuracy,1,NNS,NN,1,0,bigrammar-others
on,in,0,on,in,0,IN,IN,0,1,bigrammar-prep
domains,domain,0,domain,domain,1,NNS,NN,1,1,bigrammar-others
performances,performance,0,performance,performance,1,NNS,NN,1,0,bigrammar-others
decrease,decreases,0,decrease,decrease,1,NN,NNS,0,0,bigrammar-inter
Behind,Underlying,0,Behind,Underlying,0,IN,VBG,1,0,paraphrase
their,these,0,their,these,0,PRPS,DET,0,1,bigrammar-det
among,between,0,among,between,0,IN,IN,1,1,bigrammar-prep
accuracies,accuracy,0,accuracy,accuracy,1,NNS,NN,1,1,bigrammar-others
which,that,0,which,that,0,WDT,IN,1,0,bigrammar-others
some,certain,0,some,certain,0,DET,JJ,1,1,paraphrase
orders,order,0,order,order,1,NNS,NN,1,1,bigrammar-others
change,changes,0,change,change,1,NN,NNS,1,1,bigrammar-inter
?,the,0,?,the,0,?,DET,0,0,mogrammar-det
accuracies,accuracy,0,accuracy,accuracy,1,NNS,NN,1,1,bigrammar-others
/,or,0,/,or,0,SYM,CC,1,1,bigrammar-others
Their,The,0,Their,The,0,PRPS,DET,1,1,bigrammar-det
was,is,0,be,be,1,VBD,VBZ,0,1,bigrammar-vtense
A,The,0,A,The,0,DET,DET,1,1,bigrammar-det
ways,manners,0,ways,manners,0,NNS,NNS,1,1,paraphrase
expressions,expression,0,expression,expression,1,NNS,NN,1,1,bigrammar-others
gained,received,0,gain,receive,0,VBN,VBN,1,1,paraphrase
The,This,0,The,This,0,DET,DET,1,1,bigrammar-det
?,a,0,?,a,0,?,DET,0,0,mogrammar-det
POSs,POS,0,POSs,POS,0,NNP,NNP,1,1,bigrammar-others
and,or,0,and,or,0,CC,CC,1,1,bigrammar-prep
In,For,0,In,For,0,IN,IN,1,1,bigrammar-prep
work,study,0,work,study,0,NN,NN,1,1,paraphrase
additionally,also,0,additionally,also,0,RB,RB,0,0,paraphrase
assume,assumed,0,assume,assume,1,VB,VBN,1,1,bigrammar-vtense
is,was,0,be,be,1,VBZ,VBD,1,1,bigrammar-vtense
use,used,0,use,use,1,NN,VBN,1,0,bigrammar-vtense
a,the,0,a,the,0,DET,DET,0,1,bigrammar-det
version,versions,0,version,version,1,NN,NNS,1,1,bigrammar-others
to,into,0,to,into,0,TO,IN,1,1,bigrammar-prep
?,the,0,?,the,0,?,DET,0,0,mogrammar-det
a,the,0,a,the,0,DET,DET,1,1,bigrammar-det
the,a,0,the,a,0,DET,DET,1,1,bigrammar-det
it,this,0,it,this,0,PRP,DET,1,1,bigrammar-det
the,?,0,the,?,0,DET,?,0,0,mogrammar-det
of,for,0,of,for,0,IN,IN,1,1,bigrammar-prep
While,Although,0,While,Although,0,IN,IN,1,1,paraphrase
use,used,0,use,use,1,NN,VBN,1,1,bigrammar-vtense
Because,As,0,Because,As,0,IN,IN,1,1,paraphrase
that,?,0,that,?,0,IN,?,0,0,unaligned
it,?,0,it,?,0,PRP,?,0,0,unaligned
?,the,0,?,the,0,?,DET,0,0,mogrammar-det
represents,denotes,0,represent,denote,0,VBZ,NNS,1,1,paraphrase
We,?,0,We,?,0,PRP,?,0,0,unaligned
they,these,0,they,these,0,PRP,DET,0,0,paraphrase
are,were,0,be,be,1,VBP,VBD,0,1,bigrammar-vtense
are,were,0,be,be,1,VBP,VBD,1,1,bigrammar-vtense
they,?,0,they,?,0,PRP,?,0,0,unaligned
have,?,0,have,?,0,VB,?,0,0,unaligned
forms,form,0,form,form,1,NNS,NN,1,0,bigrammar-others
when,as,0,when,as,0,WRB,IN,1,1,paraphrase
number,numbers,0,number,number,1,NN,NNS,1,1,bigrammar-others
is,are,0,be,be,1,VBZ,VBP,1,0,bigrammar-inter
shown,given,0,show,give,0,VBN,VBN,0,1,paraphrase
additionally,also,0,additionally,also,0,RB,RB,1,0,paraphrase
use,used,0,use,use,1,NN,VBN,0,1,bigrammar-vtense
?,the,0,?,the,0,?,DET,0,0,mogrammar-det
on,for,0,on,for,0,IN,IN,1,1,bigrammar-prep
of,in,0,of,in,0,IN,IN,1,0,bigrammar-prep
?,the,0,?,the,0,?,DET,0,0,mogrammar-det
?,the,0,?,the,0,?,DET,0,0,mogrammar-det
performances,performance,0,performance,performance,1,NNS,NN,0,1,bigrammar-others
for,with,0,for,with,0,IN,IN,1,1,bigrammar-prep
?,the,0,?,the,0,?,DET,0,0,mogrammar-det
effects,effect,0,effect,effect,1,NNS,NN,1,1,bigrammar-others
to,in,0,to,in,0,TO,IN,1,1,bigrammar-prep
?,the,0,?,the,0,?,DET,0,0,mogrammar-det
made,created,0,make,create,0,VBN,VBN,1,1,paraphrase
sentences,?,0,sentence,?,0,NNS,?,0,0,unaligned
ten-folds,ten-fold,0,ten-folds,ten-fold,0,JJ,JJ,1,1,spelling
ten-folds,ten-fold,0,ten-folds,ten-fold,0,JJ,JJ,1,1,spelling
or,and,0,or,and,0,CC,CC,1,0,bigrammar-others
?,the,0,?,the,0,?,DET,0,0,mogrammar-det
for,?,0,for,?,0,IN,?,0,0,mogrammar-prep
for,?,0,for,?,0,IN,?,0,0,mogrammar-prep
of,for,0,of,for,0,IN,IN,1,1,bigrammar-prep
for,?,0,for,?,0,IN,?,0,0,mogrammar-prep
a,the,0,a,the,0,DET,DET,1,1,bigrammar-det
shows,gives,0,show,give,0,NNS,VBZ,1,1,paraphrase
accuracies,accuracy,0,accuracy,accuracy,1,NNS,NN,1,1,bigrammar-others
?,the,0,?,the,0,?,DET,0,0,mogrammar-det
while,but,0,while,but,0,IN,CC,1,0,paraphrase
also,?,0,also,?,0,RB,?,0,0,unaligned
changing,varying,0,change,vary,0,VBG,VBG,0,0,paraphrase
the,?,0,the,?,0,DET,?,0,0,mogrammar-det
size,sizes,0,size,size,1,NN,NNS,0,1,bigrammar-others
corpus,data,0,corpus,datum,0,NNS,NNS,1,1,paraphrase
it,?,0,it,?,0,PRP,?,0,0,unaligned
would,does,0,would,do,0,MD,VBZ,0,1,paraphrase
seem,appear,0,seem,appear,0,VB,VB,1,1,paraphrase
only,?,0,only,?,0,RB,?,0,0,unaligned
?,the,0,?,the,0,?,DET,0,0,mogrammar-det
Especially,'In particular',0,Especially,'In particular',0,RB,'IN PPR',1,1,paraphrase
still,remain,0,still,remain,0,RB,VB,1,1,paraphrase
Table,Tables,0,Table,Tables,0,NNP,NNS,1,1,bigrammar-others
major,main,0,major,main,0,JJ,JJ,1,1,paraphrase
the,?,0,the,?,0,DET,?,0,0,mogrammar-det
mis-tagging,mistagging,0,mis-tagging,mistagging,0,JJ,VBG,0,0,spelling
to,of,0,to,of,0,TO,IN,0,1,bigrammar-prep
such,these,0,such,these,0,JJ,DET,1,1,paraphrase
major,main,0,major,main,0,JJ,JJ,1,1,paraphrase
respectively,?,0,respectively,?,0,RB,?,0,0,unaligned
the,?,0,the,?,0,DET,?,0,0,mogrammar-det
?,the,0,?,the,0,?,DET,0,0,mogrammar-det
Firstly,First,0,Firstly,First,0,NNP,NNP,1,1,paraphrase
begin,begins,0,begin,begin,1,VB,VBZ,1,1,bigrammar-inter
while,whereas,0,while,whereas,0,IN,IN,0,0,paraphrase
begin,begins,0,begin,begin,1,VB,VBZ,1,1,bigrammar-others
the,a,0,the,a,0,DET,DET,1,1,bigrammar-det
to,at,0,to,at,0,TO,IN,1,1,bigrammar-prep
Secondly,Second,0,Secondly,Second,0,RB,NNP,1,1,paraphrase
verbs,verb,0,verb,verb,1,NNS,NN,1,1,bigrammar-others
sentences,sentence,0,sentence,sentence,1,NNS,NN,1,0,bigrammar-others
take,takes,0,take,take,1,VB,VBZ,0,0,bigrammar-inter
while,whereas,0,while,whereas,0,IN,IN,0,0,paraphrase
verbs,verb,0,verb,verb,1,NNS,NN,1,1,bigrammar-others
take,takes,0,take,take,1,VB,VBZ,0,0,bigrammar-inter
the,a,0,the,a,0,DET,DET,0,0,bigrammar-det
forms,form,0,form,form,1,NNS,NN,0,0,bigrammar-inter
The,A,0,The,A,0,DET,DET,1,1,bigrammar-det
is,arises,0,be,arise,0,VBZ,VBZ,1,0,paraphrase
verbs,verb,0,verb,verb,1,NNS,NN,0,1,bigrammar-others
the,a,0,the,a,0,DET,DET,1,1,bigrammar-det
sentences,sentence,0,sentence,sentence,1,NNS,NN,1,1,bigrammar-others
take,has,0,take,have,0,VB,VBZ,1,1,paraphrase
appearances,appearance,0,appearance,appearance,1,NNS,NN,1,1,bigrammar-others
forms,form,0,form,form,1,NNS,NN,1,1,bigrammar-others
while,although,0,while,although,0,IN,IN,1,1,paraphrase
mainly,predominantly,0,mainly,predominantly,0,RB,RB,0,1,paraphrase
prefer,prefers,0,prefer,prefer,1,VB,VBZ,0,1,bigrammar-others
that,?,0,that,?,0,IN,?,0,0,unaligned
mis-tags,mistags,0,mis-tags,mistags,0,JJ,NNS,1,0,spelling
to,of,0,to,of,0,TO,IN,0,1,bigrammar-prep
might,could,0,may,could,0,MD,MD,0,1,paraphrase
while,whereas,0,while,whereas,0,IN,IN,1,1,paraphrase
the,a,0,the,a,0,DET,DET,1,1,bigrammar-det
which,that,0,which,that,0,WDT,IN,1,1,bigrammar-others
?,a,0,?,a,0,?,DET,0,0,mogrammar-det
was,was,1,be,be,1,VBD,VBD,1,1,bigrammar-others
while,although,0,while,although,0,IN,IN,1,1,paraphrase
usage,use,0,usage,use,0,NN,NN,1,1,paraphrase
some,other,0,some,other,0,DET,JJ,0,1,paraphrase
of,in,0,of,in,0,IN,IN,1,1,bigrammar-prep
structures,structure,0,structure,structure,1,NNS,NN,1,1,bigrammar-others
?,the,0,?,the,0,?,DET,0,0,mogrammar-det
might,may,0,may,may,1,MD,MD,1,1,paraphrase
shows,gives,0,show,give,0,NNS,VBZ,1,1,paraphrase
accuracies,accuracy,0,accuracy,accuracy,1,NNS,NN,1,1,bigrammar-others
shows,plots,0,show,plot,0,NNS,NNS,1,1,paraphrase
accuracies,accuracy,0,accuracy,accuracy,1,NNS,NN,1,1,bigrammar-others
represented,denoted,0,represent,denote,0,VBN,NN,1,1,paraphrase
the,?,0,the,?,0,DET,?,0,0,mogrammar-det
draw,plot,0,draw,plot,0,NN,NN,1,0,paraphrase
full,complete,0,full,complete,0,JJ,JJ,0,1,paraphrase
in,in,1,in,in,1,IN,IN,1,1,bigrammar-prep
Figure,Figure,1,Figure,Figure,1,NNP,NNP,1,1,bigrammar-prep
points,percent,0,point,percent,0,NNS,NN,1,1,paraphrase
accuracies,accuracy,0,accuracy,accuracy,1,NNS,NN,1,1,bigrammar-others
points,percent,0,point,percent,0,NNS,NN,1,0,paraphrase
improvements,improvement,0,improvement,improvement,1,NNS,NN,1,0,bigrammar-others
the,this,0,the,this,0,DET,DET,0,0,bigrammar-det
tendencies,tendency,0,tendency,tendency,1,NNS,NN,0,0,bigrammar-others
would,does,0,would,do,0,MD,VBZ,0,1,paraphrase
accuracies,accuracy,0,accuracy,accuracy,1,NNS,NN,1,1,bigrammar-others
would,could,0,would,could,0,MD,MD,1,0,paraphrase
the,an,0,the,an,0,DET,DET,1,0,bigrammar-det
outline,overview,0,outline,overview,0,NN,NN,0,1,paraphrase
for,in,0,for,in,0,IN,IN,1,1,bigrammar-prep
?,the,0,?,the,0,?,DET,0,0,mogrammar-det
Table,Tables,0,Table,Tables,0,NNP,NNS,1,1,bigrammar-others
show,give,0,show,give,0,NN,VB,1,1,paraphrase
of,in,0,of,in,0,IN,IN,1,1,bigrammar-prep
that,this,0,that,this,0,IN,DET,1,1,bigrammar-det
errors,error,0,error,error,1,NNS,NN,1,1,bigrammar-others
of,in,0,of,in,0,IN,IN,1,1,bigrammar-prep
dependency,dependencies,0,dependency,dependency,1,NN,NNS,1,1,bigrammar-others
names,name,0,name,name,1,NNS,NN,1,1,bigrammar-others
?,the,0,?,the,0,?,DET,0,0,mogrammar-det
regarded,mistook,0,regard,mistake,0,JJ,NN,1,1,paraphrase
modifiers,modifier,0,modifier,modifier,1,NNS,NN,0,1,bigrammar-others
then,?,0,then,?,0,RB,?,0,0,unaligned
and,or,0,and,or,0,CC,CC,1,1,bigrammar-others
marks,punctuation,0,mark,punctuation,0,NNS,NN,1,1,paraphrase
kind,type,0,kind,type,0,NN,NN,1,1,paraphrase
errors,error,0,error,error,1,NNS,NN,1,0,bigrammar-others
The,?,0,The,?,0,DET,?,0,0,mogrammar-det
usually,?,0,usually,?,0,RB,?,0,0,unaligned
the,?,0,the,?,0,DET,?,0,0,mogrammar-det
gave,assigned,0,give,assign,0,VBD,VBN,1,1,paraphrase
conversation,colloquial,0,conversation,colloquial,0,NN,NN,1,1,paraphrase
the,?,0,the,?,0,DET,?,0,0,mogrammar-det
phrases,phrase,0,phrase,phrase,1,NNS,NN,1,1,bigrammar-others
precede,precedes,0,precede,precede,1,VB,VBZ,0,0,bigrammar-inter
and,or,0,and,or,0,CC,CC,0,0,paraphrase
questions,question,0,question,question,1,NNS,NN,0,1,bigrammar-inter
expenditures,expenditure,0,expenditure,expenditure,1,NNS,NN,1,1,bigrammar-others
errors,error,0,error,error,1,NNS,NN,1,0,bigrammar-others
only,merely,0,only,merely,0,RB,RB,1,1,paraphrase
Imperatives,Imperative,0,Imperatives,Imperative,0,NNS,JJ,1,1,bigrammar-others
questions,question,0,question,question,1,NNS,NN,1,1,bigrammar-others
?,a,0,?,a,0,?,DET,0,0,mogrammar-det
each,separate,0,each,separate,0,DET,JJ,1,0,paraphrase
construction,constructions,0,construction,construction,1,NN,NNS,0,1,bigrammar-others
of,?,0,of,?,0,IN,?,0,0,mogrammar-prep
?,the,0,?,the,0,?,DET,0,0,mogrammar-det
examined,examine,0,examine,examine,1,VBN,VB,1,1,bigrammar-vtense
the,?,0,the,?,0,DET,?,0,0,mogrammar-det
would,could,0,would,could,0,MD,MD,1,1,paraphrase
portable,ported,0,portable,port,0,JJ,NN,1,1,bigrammar-wform
give,provide,0,give,provide,0,VB,VB,1,1,paraphrase
give,provide,0,give,provide,0,VB,VB,1,1,paraphrase
shows,gives,0,show,give,0,NNS,VBZ,1,1,paraphrase
accuracies,accuracy,0,accuracy,accuracy,1,NNS,NN,1,1,bigrammar-others
the,their,0,the,their,0,DET,PRPS,1,1,bigrammar-det
accuracies,accuracy,0,accuracy,accuracy,1,NNS,NN,1,0,bigrammar-others
for,with,0,for,with,0,IN,IN,0,1,bigrammar-prep
while,whereas,0,while,whereas,0,IN,IN,1,1,bigrammar-others
the,this,0,the,this,0,DET,DET,1,1,bigrammar-det
With,Using,0,With,Using,0,IN,VBG,1,1,paraphrase
contain,contains,0,contain,contain,1,VB,VBZ,1,0,bigrammar-wform
which,?,0,which,?,0,WDT,?,0,0,unaligned
of,?,0,of,?,0,IN,?,0,0,mogrammar-prep
them,these,0,them,these,0,PRP,DET,1,1,bigrammar-det
noticed,obvious,0,notice,obvious,0,JJ,JJ,0,0,paraphrase
on,with,0,on,with,0,IN,IN,1,1,bigrammar-prep
the,?,0,the,?,0,DET,?,0,0,mogrammar-det
on,with,0,on,with,0,IN,IN,1,1,bigrammar-prep
theparsing,parsing,0,theparsing,parse,0,VBG,VBG,0,1,typo
to,with,0,to,with,0,TO,IN,1,1,bigrammar-prep
?,the,0,?,the,0,?,DET,0,0,mogrammar-det
the,?,0,the,?,0,DET,?,0,0,mogrammar-det
present,this,0,present,this,0,JJ,DET,0,0,paraphrase
work,study,0,work,study,0,NN,NN,0,1,paraphrase
various,different,0,various,different,0,JJ,JJ,1,1,paraphrase
?,the,0,?,the,0,?,DET,0,0,mogrammar-det
?,with,0,?,with,0,?,IN,0,0,mogrammar-prep
?,the,0,?,the,0,?,DET,0,0,mogrammar-det
natural,?,0,natural,?,0,JJ,?,0,0,unaligned
like,including,0,like,include,0,IN,VBG,0,1,paraphrase
Therefore,Thus,0,Therefore,Thus,0,RB,RB,1,1,paraphrase
on,?,0,on,?,0,IN,?,0,0,mogrammar-prep
includes,include,0,include,include,1,VBZ,VB,1,1,bigrammar-others
find,determine,0,find,determine,0,VB,VB,1,1,paraphrase
?,the,0,?,the,0,?,DET,0,0,mogrammar-det
the,?,0,the,?,0,DET,?,0,0,mogrammar-det
Though,However,0,Though,However,0,IN,RB,1,1,paraphrase
about,whether,0,about,whether,0,IN,IN,1,1,paraphrase
are,is,0,be,be,1,VBP,VBZ,1,1,bigrammar-others
?,the,0,?,the,0,?,DET,0,0,mogrammar-det
compare,comparing,0,compare,compare,1,VB,VBG,1,1,paraphrase
?,the,0,?,the,0,?,DET,0,0,mogrammar-det
affect,affects,0,affect,affect,1,VB,VBZ,1,0,bigrammar-others
setup,'set up',0,setup,'set up',0,NN,'NN POS',1,1,spelling
of,for,0,of,for,0,IN,IN,1,1,bigrammar-det
see,observe,0,see,observe,0,VB,VB,1,1,paraphrase
labeling,'labeling problem',0,label,'label problem',0,VBG,'VBG POS',1,1,paraphrase
text,texts,0,text,text,1,NN,NNS,1,1,bigrammar-others
text,texts,0,text,text,1,NN,NNS,1,1,bigrammar-others
of,for,0,of,for,0,IN,IN,1,1,bigrammar-prep
with,from,0,with,from,0,IN,IN,1,0,bigrammar-prep
about,concerning,0,about,concern,0,IN,VBG,1,1,paraphrase
see,sees,0,see,see,1,VB,VBZ,1,0,bigrammar-others
keep,retains,0,keep,retain,0,VB,VBZ,1,1,paraphrase
as,since,0,as,since,0,IN,IN,1,1,paraphrase
accuracy,accuracies,0,accuracy,accuracy,1,NN,NNS,1,1,bigrammar-others
puts,places,0,put,place,0,NNS,NNS,1,1,paraphrase
rest,remaining,0,rest,remain,0,NN,VBG,1,1,paraphrase
In,For,0,In,For,0,IN,IN,1,1,bigrammar-prep
get,acquire,0,get,acquire,0,VB,VB,1,1,paraphrase
divide,divided,0,divide,divide,1,NN,VBN,1,0,bigrammar-vtense
the,?,0,the,?,0,DET,?,0,0,mogrammar-det
Secondly,Next,0,Secondly,Next,0,RB,NNP,1,1,paraphrase
Thirdly,Then,0,Thirdly,Then,0,NNP,RB,1,1,paraphrase
extract,extracted,0,extract,extract,1,NN,VBN,1,1,bigrammar-vtense
?,the,0,?,the,0,?,DET,0,0,mogrammar-det
showed,indicated,0,show,indicate,0,VBD,JJ,1,1,paraphrase
use,used,0,use,use,1,NN,VBN,1,1,bigrammar-vtense
use,used,0,use,use,1,NN,VBN,1,1,bigrammar-vtense
by,?,0,by,?,0,IN,?,0,0,mogrammar-prep
text,texts,0,text,text,1,NN,NNS,1,1,bigrammar-others
?,with,0,?,with,0,?,IN,0,0,mogrammar-prep
?,the,0,?,the,0,?,DET,0,0,mogrammar-det
of,in,0,of,in,0,IN,IN,1,0,bigrammar-prep
between,among,0,between,among,0,IN,IN,1,1,bigrammar-prep
were,performed,0,be,perform,0,VBD,VBN,0,1,paraphrase
our,?,0,our,?,0,PRPS,?,0,0,mogrammar-det
the,the,1,the,the,1,DET,DET,0,1,bigrammar-det
are,were,0,be,be,1,VBP,VBD,1,0,bigrammar-vtense
?,for,0,?,for,0,?,IN,0,0,mogrammar-prep
It,This,0,It,This,0,PRP,DET,1,1,paraphrase
were,performed,0,be,perform,0,VBD,VBN,1,1,paraphrase
worst,lowest,0,bad,lowest,0,JJS,JJS,1,1,paraphrase
the,?,0,the,?,0,DET,?,0,0,unaligned
are,were,0,be,be,1,VBP,VBD,1,1,bigrammar-vtense
And,Furthermore,0,And,Furthermore,0,CC,RB,1,0,paraphrase
remarkable,substantial,0,remarkable,substantial,0,JJ,JJ,1,1,paraphrase
in,for,0,in,for,0,IN,IN,1,1,bigrammar-prep
translations,translations,1,translation,translation,1,NNS,NNS,1,1,duplicate
treat,treats,0,treat,treat,1,NN,VBZ,1,1,bigrammar-others
the,?,0,the,?,0,DET,?,0,0,mogrammar-det
of,for,0,of,for,0,IN,IN,1,1,bigrammar-prep
details,detail,0,detail,detail,1,NNS,NN,1,1,bigrammar-others
investigation,investigations,0,investigation,investigation,1,NN,NNS,1,1,bigrammar-wform
?,the,0,?,the,0,?,DET,0,0,mogrammar-det
difference,differences,0,difference,difference,1,NN,NNS,1,0,bigrammar-others
of,in,0,of,in,0,IN,IN,0,1,bigrammar-prep
affects,affected,0,affect,affect,1,VBZ,JJ,1,1,bigrammar-vtense
?,the,0,?,the,0,?,DET,0,0,mogrammar-det
their,these,0,their,these,0,PRPS,DET,1,1,bigrammar-det
the,?,0,the,?,0,DET,?,0,0,mogrammar-det
of,?,0,of,?,0,IN,?,0,0,mogrammar-prep
Particularly,'In particular',0,Particularly,'In particular',0,RB,'IN PPR',1,1,paraphrase
Also,Furthermore,0,Also,Furthermore,0,RB,RB,1,1,paraphrase
even,also,0,even,also,0,RB,RB,1,1,paraphrase
show,display,0,show,display,0,NN,NN,1,1,paraphrase
on,of,0,on,of,0,IN,IN,1,1,bigrammar-prep
to,for,0,to,for,0,TO,IN,1,1,bigrammar-prep
fine-grainedness,'fine-grained nature',0,fine-grainedness,'fine-grained nature',0,JJ,'JJ POS',1,1,paraphrase
the,?,0,the,?,0,DET,?,0,0,mogrammar-det
the,?,0,the,?,0,DET,?,0,0,mogrammar-det
the,?,0,the,?,0,DET,?,0,0,mogrammar-det
increase,increasing,0,increase,increase,1,NN,VBG,1,1,bigrammar-wform
are,is,0,be,be,1,VBP,VBZ,1,1,bigrammar-others
of,?,0,of,?,0,IN,?,0,0,mogrammar-prep
interdependencies,interdependency,0,interdependency,interdependency,1,NNS,NN,1,1,bigrammar-others
nor,or,0,nor,or,0,CC,CC,1,1,bigrammar-others
perspectives,viewpoint,0,perspective,viewpoint,0,NNS,NN,1,1,paraphrase
?,a,0,?,a,0,?,DET,0,0,mogrammar-det
of,of,1,of,of,1,IN,IN,1,1,bigrammar-prep
of,in,0,of,in,0,IN,IN,1,1,bigrammar-prep
the,a,0,the,a,0,DET,DET,0,1,bigrammar-det
appropriateness,validity,0,appropriateness,validity,0,NN,NN,1,1,paraphrase
of,in,0,of,in,0,IN,IN,1,1,bigrammar-prep
those,?,0,those,?,0,DET,?,0,0,mogrammar-det
the,?,0,the,?,0,DET,?,0,0,mogrammar-det
in,into,0,in,into,0,IN,IN,1,1,bigrammar-prep
with,to,0,with,to,0,IN,TO,1,1,bigrammar-prep
It,WordNet,0,It,WordNet,0,PRP,NNP,1,1,paraphrase
the,?,0,the,?,0,DET,?,0,0,mogrammar-det
describe,'will describe',0,describe,'will describe',0,VB,'MD PPR',1,1,bigrammar-vtense
shows,indicates,0,show,indicate,0,NNS,VBZ,1,1,paraphrase
?,the,0,?,the,0,?,DET,0,0,mogrammar-det
far,very,0,far,very,0,RB,RB,1,1,paraphrase
the,?,0,the,?,0,DET,?,0,0,mogrammar-det
problem,issue,0,problem,issue,0,NN,NN,1,1,paraphrase
?,a,0,?,a,0,?,DET,0,0,mogrammar-det
the,?,0,the,?,0,DET,?,0,0,mogrammar-det
this,such,0,this,such,0,DET,JJ,1,0,paraphrase
showed,shows,0,show,show,1,VBD,NNS,1,1,bigrammar-vtense
the,?,0,the,?,0,DET,?,0,0,mogrammar-det
the,?,0,the,?,0,DET,?,0,0,mogrammar-det
the,?,0,the,?,0,DET,?,0,0,mogrammar-det
researches,research,0,research,research,1,VBZ,NN,0,1,bigrammar-others
on,in,0,on,in,0,IN,IN,1,1,bigrammar-prep
sequencial,sequential,0,sequencial,sequential,0,NN,NN,1,1,spelling
model,?,0,model,?,0,NN,?,0,0,unaligned
the,?,0,the,?,0,DET,?,0,0,unaligned
an,?,0,an,?,0,DET,?,0,0,mogrammar-det
Also,Furthermore,0,Also,Furthermore,0,RB,RB,1,1,paraphrase
problems,issues,0,problem,issue,0,NNS,NNS,1,1,paraphrase
the,?,0,the,?,0,DET,?,0,0,mogrammar-det
?,a,0,?,a,0,?,DET,0,0,mogrammar-det
fine-grainedness,'fine-grained nature',0,fine-grainedness,'fine-grained nature',0,JJ,'JJ POS',1,1,paraphrase
Especially,'In particular',0,Especially,'In particular',0,RB,'IN PPR',1,1,paraphrase
receiving,'has received',0,receive,'have receive',0,VBG,'VBZ PPR',1,1,paraphrase
Particularly,'In particular',0,Particularly,'In particular',0,RB,'IN PPR',1,1,paraphrase
exist,are,0,exist,be,0,VB,VBP,1,1,paraphrase
much,many,0,much,many,0,RB,JJ,1,1,paraphrase
the,?,0,the,?,0,DET,?,0,0,mogrammar-det
?,the,0,?,the,0,?,DET,0,0,mogrammar-det
the,?,0,the,?,0,DET,?,0,0,mogrammar-det
a,the,0,a,the,0,DET,DET,1,1,bigrammar-det
At,In,0,At,In,0,IN,IN,1,1,bigrammar-prep
the,?,0,the,?,0,DET,?,0,0,mogrammar-det
splitted,split,0,splitted,split,0,NN,NN,1,1,spelling
?,as,0,?,as,0,?,IN,0,0,mogrammar-prep
?,for,0,?,for,0,?,IN,0,0,mogrammar-prep
exist,are,0,exist,be,0,VB,VBP,1,1,paraphrase
given,provided,0,give,provide,0,VBN,VBN,1,1,paraphrase
hereinafter,hereafter,0,hereinafter,hereafter,0,NN,RB,1,1,spelling
the,?,0,the,?,0,DET,?,0,0,mogrammar-det
labels,label,0,label,label,1,NNS,NN,1,1,bigrammar-others
?,with,0,?,with,0,?,IN,0,0,mogrammar-prep
includes,include,0,include,include,1,VBZ,VB,1,1,bigrammar-others
use,'have used',0,use,'have use',0,NN,'VB PPR',1,1,bigrammar-vtense
is,are,0,be,be,1,VBZ,VBP,1,1,bigrammar-others
shows,displays,0,show,display,0,NNS,NNS,1,1,paraphrase
considerable,substantial,0,considerable,substantial,0,JJ,JJ,1,0,paraphrase
poorer,worse,0,poor,bad,0,JJR,JJR,1,1,paraphrase
However,Nonetheless,0,However,Nonetheless,0,RB,RB,1,1,paraphrase
are,was,0,be,be,1,VBP,VBD,1,1,bigrammar-vtense
smaller,less,0,smaller,le,0,JJR,CC,1,1,paraphrase
the,an,0,the,an,0,DET,DET,1,1,bigrammar-det
considering,'taking into consideration',0,consider,'take into consideration',0,VBG,'VBG IN POS',1,1,paraphrase
shows,show,0,show,show,1,NNS,NN,1,1,bigrammar-others
fortunatelly,fortunately,0,fortunatelly,fortunately,0,RB,RB,0,1,typo
means,indicates,0,mean,indicate,0,NNS,VBZ,1,0,paraphrase
strongly,well,0,strongly,well,0,RB,RB,1,1,paraphrase
to,for,0,to,for,0,TO,IN,1,1,bigrammar-prep
improvements,improvement,0,improvement,improvement,1,NNS,NN,1,1,bigrammar-others
was,were,0,be,be,1,VBD,VBD,1,1,bigrammar-others
for,in,0,for,in,0,IN,IN,1,1,bigrammar-prep
by,because,0,by,because,0,IN,IN,1,1,paraphrase
saw,observed,0,see,observe,0,NN,JJ,1,1,paraphrase
Also,'In addition',0,Also,'In addition',0,RB,'IN POS',1,1,paraphrase
suggesting,'They suggested',0,suggest,'They suggest',0,VBG,'PRP PPR',0,1,paraphrase
representation,representing,0,representation,represent,0,NN,VBG,0,0,bigrammar-wform
?,a,0,?,a,0,?,DET,0,0,mogrammar-det
in,with,0,in,with,0,IN,IN,1,1,bigrammar-prep
reduce,reduces,0,reduce,reduce,1,VB,VBZ,1,1,bigrammar-others
the,a,0,the,a,0,DET,DET,1,1,bigrammar-det
the,an,0,the,an,0,DET,DET,1,1,bigrammar-det
that,which,0,that,which,0,IN,WDT,1,0,bigrammar-others
decrease,'would decrease',0,decrease,'would decrease',0,NN,'MD POS',0,1,bigrammar-vtense
decomposes,'breaks down',0,decompose,'break down',0,NNS,'NNS PPR',1,1,paraphrase
such,so,0,such,so,0,JJ,RB,1,1,paraphrase
?,the,0,?,the,0,?,DET,0,0,mogrammar-det
for,in,0,for,in,0,IN,IN,1,1,bigrammar-prep
of,for,0,of,for,0,IN,IN,1,1,bigrammar-prep
of,for,0,of,for,0,IN,IN,1,1,bigrammar-prep
into,in,0,into,in,0,IN,IN,1,1,bigrammar-prep
length,lengths,0,length,length,1,NN,NNS,1,1,bigrammar-others
pattern,patterns,0,pattern,pattern,1,NN,NNS,1,1,bigrammar-others
assume,assuming,0,assume,assume,1,VB,VBG,1,1,bigrammar-wform
are,is,0,be,be,1,VBP,VBZ,1,1,bigrammar-others
?,the,0,?,the,0,?,DET,0,0,mogrammar-det
part,parts,0,part,part,1,NN,NNS,1,1,bigrammar-others
segment,segments,0,segment,segment,1,NN,NNS,1,0,bigrammar-others
such,so,0,such,so,0,JJ,RB,0,1,paraphrase
?,the,0,?,the,0,?,DET,0,0,mogrammar-det
the,?,0,the,?,0,DET,?,0,0,mogrammar-det
the,a,0,the,a,0,DET,DET,1,1,bigrammar-det
it,they,0,it,they,0,PRP,PRP,1,1,paraphrase
cut,cuts,0,cut,cut,1,NN,NNS,1,1,bigrammar-others
blocks,block,0,block,block,1,NNS,NN,1,1,bigrammar-others
an,?,0,an,?,0,DET,?,0,0,mogrammar-det
are,is,0,be,be,1,VBP,VBZ,1,1,bigrammar-others
cut,cuts,0,cut,cut,1,NN,NNS,1,1,bigrammar-others
?,of,0,?,of,0,?,IN,0,0,mogrammar-prep
from,of,0,from,of,0,IN,IN,1,1,bigrammar-prep
the,?,0,the,?,0,DET,?,0,0,mogrammar-det
with,of,0,with,of,0,IN,IN,1,1,bigrammar-prep
A,The,0,A,The,0,DET,DET,1,1,bigrammar-det
with,of,0,with,of,0,IN,IN,1,1,bigrammar-prep
employ,use,0,employ,use,0,VB,NN,1,0,paraphrase
?,the,0,?,the,0,?,DET,0,0,mogrammar-det
employ,used,0,employ,use,0,VB,VBN,1,1,paraphrase
?,the,0,?,the,0,?,DET,0,0,mogrammar-det
a,the,0,a,the,0,DET,DET,1,1,bigrammar-det
?,a,0,?,a,0,?,DET,0,0,mogrammar-det
boards,board,0,board,board,1,NNS,NN,1,1,bigrammar-others
are,were,0,be,be,1,VBP,VBD,1,1,bigrammar-others
a,the,0,a,the,0,DET,DET,1,1,bigrammar-det
between,from,0,between,from,0,IN,IN,1,1,bigrammar-prep
of,?,0,of,?,0,IN,?,0,0,mogrammar-prep
the,?,0,the,?,0,DET,?,0,0,mogrammar-det
of,?,0,of,?,0,IN,?,0,0,mogrammar-prep
From,With,0,From,With,0,IN,IN,1,1,bigrammar-prep
with,at,0,with,at,0,IN,IN,1,1,bigrammar-prep
the,?,0,the,?,0,DET,?,0,0,mogrammar-det
skewness,skew,0,skewness,skew,0,NNS,NN,1,1,bigrammar-wform
?,a,0,?,a,0,?,DET,0,0,mogrammar-det
video,videos,0,video,video,1,NN,NNS,1,1,bigrammar-others
of,?,0,of,?,0,IN,?,0,0,mogrammar-prep
?,a,0,?,a,0,?,DET,0,0,mogrammar-det
?,the,0,?,the,0,?,DET,0,0,mogrammar-det
Forth,Fourth,0,Forth,Fourth,0,RB,JJ,1,1,spelling
decomposed,'broken down',0,decompose,'break down',0,NN,'JJ PPR',1,1,paraphrase
?,a,0,?,a,0,?,DET,0,0,mogrammar-det
decomposed,'broken down',0,decompose,'break down',0,NN,'JJ PPR',1,1,paraphrase
0th,0,0,0th,0,0,NNP,CD,1,1,spelling
?,the,0,?,the,0,?,DET,0,0,mogrammar-det
by,using,0,by,use,0,IN,VBG,1,1,paraphrase
?,the,0,?,the,0,?,DET,0,0,mogrammar-det
a,?,0,a,?,0,DET,?,0,0,mogrammar-det
?,the,0,?,the,0,?,DET,0,0,mogrammar-det
employ,use,0,employ,use,0,VB,NN,1,0,paraphrase
which,that,0,which,that,0,WDT,IN,1,1,bigrammar-others
2,two,0,2,two,0,CD,CD,1,1,spelling
of,?,0,of,?,0,IN,?,0,0,mogrammar-prep
with,on,0,with,on,0,IN,IN,1,1,bigrammar-prep
of,from,0,of,from,0,IN,IN,1,0,bigrammar-prep
?,the,0,?,the,0,?,DET,0,0,mogrammar-det
shows,presents,0,show,present,0,NNS,NNS,1,1,paraphrase
since,because,0,since,because,0,IN,IN,0,1,paraphrase
fewer,less,0,fewer,le,0,JJR,CC,1,0,paraphrase
duplications,duplication,0,duplication,duplication,1,NNS,NN,0,1,bigrammar-others
of,in,0,of,in,0,IN,IN,1,1,bigrammar-prep
simple,simpler,0,simple,simple,1,JJ,JJR,1,1,bigrammar-wform
?,the,0,?,the,0,?,DET,0,0,mogrammar-det
show,present,0,show,present,0,NN,JJ,1,0,paraphrase
?,the,0,?,the,0,?,DET,0,0,mogrammar-det
'list,','table,',0,'list,','table,',0,PPR,PPR,1,1,paraphrase
?,the,0,?,the,0,?,DET,0,0,mogrammar-det
?,the,0,?,the,0,?,DET,0,0,mogrammar-det
?,the,0,?,the,0,?,DET,0,0,mogrammar-det
?,the,0,?,the,0,?,DET,0,0,mogrammar-det
result,results,0,result,result,1,NN,NNS,1,1,bigrammar-others
toward,towards,0,toward,towards,0,IN,IN,0,1,bigrammar-prep
direction,end,0,direction,end,0,NN,NN,1,1,paraphrase
?,the,0,?,the,0,?,DET,0,0,mogrammar-det
very,as,0,very,as,0,RB,IN,1,1,paraphrase
video,videos,0,video,video,1,NN,NNS,1,1,bigrammar-others
on,?,0,on,?,0,IN,?,0,0,mogrammar-prep
high,highest,0,high,high,1,JJ,JJS,0,1,bigrammar-wform
2,two,0,2,two,0,CD,CD,1,1,spelling
?,a,0,?,a,0,?,DET,0,0,mogrammar-det
persons,people,0,person,people,0,NNS,NNS,0,1,spelling
unmatured,immature,0,unmatured,immature,0,NN,NN,1,1,bigrammar-wform
the,this,0,the,this,0,DET,DET,1,1,bigrammar-det
'\'personX\'','\'person-X\'',0,\personX\,\person-X\,0,NN,NN,1,1,spelling
'\'non-personX\'','\'non-person-X\'',0,\non-personX\,\non-person-X\,0,NN,NN,1,0,spelling
outliers,outlier,0,outlier,outlier,1,NNS,NN,1,1,bigrammar-others
caption,captions,0,caption,caption,1,NN,NNS,1,1,bigrammar-others
leading,with,0,lead,with,0,VBG,IN,1,1,paraphrase
outperforms,outperforming,0,outperform,outperform,1,VBZ,VBG,1,1,bigrammar-wform
growing,growth,0,grow,growth,0,VBG,NN,1,1,bigrammar-wform
?,for,0,?,for,0,?,IN,0,0,mogrammar-prep
of,?,0,of,?,0,IN,?,0,0,mogrammar-det
text,texts,0,text,text,1,NN,NNS,0,1,bigrammar-others
a,?,0,a,?,0,DET,?,0,0,mogrammar-det
clue,clues,0,clue,clue,1,NN,NNS,1,0,bigrammar-others
the,?,0,the,?,0,DET,?,0,0,mogrammar-det
?,the,0,?,the,0,?,DET,0,0,mogrammar-det
the,?,0,the,?,0,DET,?,0,0,mogrammar-det
persons,people,0,person,people,0,NNS,NNS,1,0,spelling
mentioned,above-mentioned,0,mention,above-mentioned,0,VBN,JJ,1,1,paraphrase
The,This,0,The,This,0,DET,DET,1,1,bigrammar-det
outliers,outlier,0,outlier,outlier,1,NNS,NN,1,1,bigrammar-others
on,at,0,on,at,0,IN,IN,1,1,bigrammar-prep
chosen,specified,0,choose,specify,0,VBN,JJ,1,1,paraphrase
the,this,0,the,this,0,DET,DET,1,1,bigrammar-det
personX,person-X,0,personX,person-X,0,NN,JJ,1,1,spelling
non-personX,non-person-X,0,non-personX,non-person-X,0,JJ,JJ,1,1,spelling
relevant,relevancy,0,relevant,relevancy,0,JJ,NN,1,1,bigrammar-wform
employ,use,0,employ,use,0,VB,NN,1,1,paraphrase
?,the,0,?,the,0,?,DET,0,0,mogrammar-det
SVM,SVMs,0,SVM,SVMs,0,NNP,NNP,1,0,bigrammar-others
the,?,0,the,?,0,DET,?,0,0,mogrammar-det
outliers,outlier,0,outlier,outlier,1,NNS,NN,1,1,bigrammar-wform
?,the,0,?,the,0,?,DET,0,0,mogrammar-det
personB,person-B,0,personB,person-B,0,NN,JJ,1,1,spelling
in,to,0,in,to,0,IN,TO,1,1,bigrammar-prep
are,is,0,be,be,1,VBP,VBZ,1,1,bigrammar-others
?,the,0,?,the,0,?,DET,0,0,mogrammar-det
doing,performing,0,do,perform,0,VBG,VBG,1,1,paraphrase
outliers,outlier,0,outlier,outlier,1,NNS,NN,1,1,bigrammar-wform
outliers,outlier,0,outlier,outlier,1,NNS,NN,1,1,bigrammar-wform
a,an,0,a,an,0,DET,DET,1,1,bigrammar-det
score,scores,0,score,score,1,NN,NNS,1,1,bigrammar-others
from,?,0,from,?,0,IN,?,0,0,mogrammar-prep
from,?,0,from,?,0,IN,?,0,0,mogrammar-prep
details,detail,0,detail,detail,1,NNS,NN,1,1,bigrammar-others
use,used,0,use,use,1,NN,VBN,1,1,bigrammar-vtense
outliers,outlier,0,outlier,outlier,1,NNS,NN,1,1,bigrammar-others
from,?,0,from,?,0,IN,?,0,0,mogrammar-prep
outliers,outlier,0,outlier,outlier,1,NNS,NN,1,1,bigrammar-wform
outliers,outlier,0,outlier,outlier,1,NNS,NN,1,1,bigrammar-wform
outliers,outlier,0,outlier,outlier,1,NNS,NN,1,0,bigrammar-wform
outliers,outlier,0,outlier,outlier,1,NNS,NN,1,0,bigrammar-wform
outliers,outlier,0,outlier,outlier,1,NNS,NN,1,1,bigrammar-wform
?,the,0,?,the,0,?,DET,0,0,mogrammar-det
performance,performances,0,performance,performance,1,NN,NNS,1,1,bigrammar-others
outliers,outlier,0,outlier,outlier,1,NNS,NN,1,1,bigrammar-wform
?,the,0,?,the,0,?,DET,0,0,mogrammar-det
consists,consisted,0,consist,consist,1,VBZ,VBN,1,1,bigrammar-vtense
?,the,0,?,the,0,?,DET,0,0,mogrammar-det
are,were,0,be,be,1,VBP,VBD,1,1,bigrammar-vtense
are,were,0,be,be,1,VBP,VBD,1,1,bigrammar-vtense
persons,individuals,0,person,individual,0,NNS,NNS,1,1,paraphrase
retrieved,retrieved,1,retrieve,retrieve,1,VBN,VBN,0,1,bigrammar-vtense
are,were,0,be,be,1,VBP,VBD,1,1,bigrammar-vtense
is,was,0,be,be,1,VBZ,VBD,1,1,bigrammar-wform
bestfit,best-fit,0,bestfit,best-fit,0,NN,JJ,1,1,spelling
PCA,'principle component analysis',0,PCA,'principle component analysis',0,NNP,'NN NN POS',1,1,paraphrase
The,A,0,The,A,0,DET,DET,0,1,bigrammar-det
popularly,commonly,0,popularly,commonly,0,RB,RB,1,1,paraphrase
the,?,0,the,?,0,DET,?,0,0,mogrammar-det
?,the,0,?,the,0,?,DET,0,0,mogrammar-det
that,which,0,that,which,0,IN,WDT,0,1,bigrammar-others
outliers,outlier,0,outlier,outlier,1,NNS,NN,0,1,bigrammar-others
?,the,0,?,the,0,?,DET,0,0,mogrammar-det
indicates,indicated,0,indicate,indicate,1,VBZ,JJ,1,1,bigrammar-vtense
outperforms,outperformed,0,outperform,outperform,1,VBZ,VBN,1,1,bigrammar-vtense
?,the,0,?,the,0,?,DET,0,0,mogrammar-det
performs,performed,0,perform,perform,1,VBZ,VBN,1,1,bigrammar-vtense
are,were,0,be,be,1,VBP,VBD,1,1,bigrammar-vtense
kernel,kernels,0,kernel,kernel,1,NN,NNS,1,1,bigrammar-others
amd,and,0,amd,and,0,NN,CC,1,1,typo
?,the,0,?,the,0,?,DET,0,0,mogrammar-det
5,five,0,5,five,0,CD,CD,1,1,spelling
being,at,0,be,at,0,VBG,IN,1,0,paraphrase
5,five,0,5,five,0,CD,CD,0,1,spelling
5,five,0,5,five,0,CD,CD,1,1,spelling
outperforms,outperformed,0,outperform,outperform,1,VBZ,VBN,1,1,bigrammar-vtense
outliers,outlier,0,outlier,outlier,1,NNS,NN,1,1,bigrammar-others
Figure,Figures,0,Figure,Figures,0,NNP,NNS,1,1,bigrammar-others
produces,produced,0,produce,produce,1,VBZ,VBN,1,1,bigrammar-vtense
on,at,0,on,at,0,IN,IN,1,1,bigrammar-prep
present,presented,0,present,present,1,JJ,VBN,1,1,bigrammar-vtense
rank,ranking,0,rank,rank,1,NN,JJ,1,1,paraphrase
by,using,0,by,use,0,IN,VBG,1,1,paraphrase
?,for,0,?,for,0,?,IN,0,0,mogrammar-prep
select,selected,0,select,select,1,JJ,JJ,1,1,bigrammar-vtense
are,were,0,be,be,1,VBP,VBD,1,1,bigrammar-vtense
classified,classifiers,0,classify,classifier,0,JJ,NNS,1,1,typo
by,from,0,by,from,0,IN,IN,1,1,bigrammar-prep
are,were,0,be,be,1,VBP,VBD,1,1,bigrammar-vtense
?,the,0,?,the,0,?,DET,0,0,mogrammar-det
get,obtain,0,get,obtain,0,VB,VB,1,0,paraphrase
propose,proposed,0,propose,propose,1,VB,JJ,1,0,bigrammar-vtense
outliers,outlier,0,outlier,outlier,1,NNS,NN,1,1,bigrammar-wform
show,showed,0,show,show,1,NN,VBD,1,0,bigrammar-vtense
?,the,0,?,the,0,?,DET,0,0,mogrammar-det
',',?,0,',',?,0,PPR,?,0,0,unaligned
appearance,appearances,0,appearance,appearance,1,NN,NNS,1,0,bigrammar-others
application,applications,0,application,application,1,NN,NNS,1,1,bigrammar-others
of,?,0,of,?,0,IN,?,0,0,mogrammar-prep
background,backgrounds,0,background,background,1,NN,NNS,1,1,bigrammar-others
fast,faster,0,fast,fast,1,RB,RBR,1,1,bigrammar-wform
includes,takes,0,include,take,0,VBZ,VBZ,1,1,paraphrase
?,the,0,?,the,0,?,DET,0,0,mogrammar-det
one,a,0,one,a,0,CD,DET,1,0,paraphrase
containing,contain,0,contain,contain,1,VBG,VB,1,0,bigrammar-wform
?,the,0,?,the,0,?,DET,0,0,mogrammar-det
since,because,0,since,because,0,IN,IN,1,1,paraphrase
?,the,0,?,the,0,?,DET,0,0,mogrammar-det
is,are,0,be,be,1,VBZ,VBP,1,1,bigrammar-others
which,that,0,which,that,0,WDT,IN,1,0,bigrammar-others
beforehand,previously,0,beforehand,previously,0,RB,RB,0,0,paraphrase
one,a,0,one,a,0,CD,DET,1,0,paraphrase
at,in,0,at,in,0,IN,IN,1,1,bigrammar-prep
yet,but,0,yet,but,0,RB,CC,1,1,paraphrase
in,with,0,in,with,0,IN,IN,1,1,bigrammar-prep
consists,consist,0,consist,consist,1,VBZ,VB,1,1,bigrammar-others
sample,samples,0,sample,sample,1,NN,NNS,1,1,bigrammar-others
sample,samples,0,sample,sample,1,NN,NNS,1,1,bigrammar-others
in,from,0,in,from,0,IN,IN,1,1,bigrammar-prep
degree,degrees,0,degree,degree,1,NN,NNS,1,1,bigrammar-others
'90%',90,0,'90%',90,0,POS,CD,1,1,spelling
are,is,0,be,be,1,VBP,VBZ,1,1,bigrammar-others
?,an,0,?,an,0,?,DET,0,0,mogrammar-det
the,an,0,the,an,0,DET,DET,1,1,bigrammar-det
case,situation,0,case,situation,0,NN,NN,1,1,paraphrase
etc.hich,'etc. which',0,etc.hich,'etc. which',0,NN,'PP POS',1,1,typo
since,because,0,since,because,0,IN,IN,1,0,paraphrase
which,that,0,which,that,0,WDT,IN,1,1,bigrammar-others
Figure,Fig.,0,Figure,Fig.,0,NNP,PP,1,1,spelling
analyses,analyzes,0,analyse,analyze,0,NNS,NNS,1,0,spelling
on,for,0,on,for,0,IN,IN,1,1,bigrammar-prep
pose,poses,0,pose,pose,1,VB,VBZ,1,1,bigrammar-others
of,for,0,of,for,0,IN,IN,1,1,bigrammar-prep
a,the,0,a,the,0,DET,DET,1,1,bigrammar-det
?,a,0,?,a,0,?,DET,0,0,mogrammar-det
the,their,0,the,their,0,DET,PRPS,1,1,bigrammar-det
the,the,1,the,the,1,DET,DET,1,1,bigrammar-det
the,the,1,the,the,1,DET,DET,1,0,bigrammar-det
al,al.,0,al,al.,0,NN,PP,1,1,spelling
with,to,0,with,to,0,IN,TO,1,0,bigrammar-prep
video,videos,0,video,video,1,NN,NNS,1,1,bigrammar-others
with,to,0,with,to,0,IN,TO,1,1,bigrammar-prep
the,a,0,the,a,0,DET,DET,1,1,bigrammar-det
applications,application,0,application,application,1,NNS,NN,0,0,bigrammar-others
?,the,0,?,the,0,?,DET,0,0,mogrammar-det
?,the,0,?,the,0,?,DET,0,0,mogrammar-det
illumination,illuminations,0,illumination,illumination,1,NN,NNS,1,1,bigrammar-others
expression,expressions,0,expression,expression,1,NN,NNS,1,1,bigrammar-others
scale,scales,0,scale,scale,1,NN,NNS,1,1,bigrammar-others
pose,poses,0,pose,pose,1,VB,VBZ,1,1,bigrammar-others
motion,motions,0,motion,motion,1,NN,NNS,1,1,bigrammar-inter
are,is,0,be,be,1,VBP,VBZ,1,1,bigrammar-others
varies,vary,0,vary,vary,1,VBZ,VB,1,1,bigrammar-others
variation,variations,0,variation,variation,1,NN,NNS,1,1,bigrammar-others
disappearance,disappearances,0,disappearance,disappearance,1,NN,NNS,1,1,bigrammar-others
part,parts,0,part,part,1,NN,NNS,1,1,bigrammar-others
the,?,0,the,?,0,DET,?,0,0,mogrammar-det
face,faces,0,face,face,1,NN,NNS,0,1,bigrammar-others
variation,variations,0,variation,variation,1,NN,NNS,0,0,bigrammar-others
of,?,0,of,?,0,IN,?,0,0,mogrammar-prep
change,changes,0,change,change,1,NN,NNS,1,1,bigrammar-others
the,a,0,the,a,0,DET,DET,1,1,bigrammar-det
the,a,0,the,a,0,DET,DET,1,1,bigrammar-det
analyses,analyzes,0,analyse,analyze,0,NNS,NNS,1,1,spelling
that,which,0,that,which,0,IN,WDT,0,1,bigrammar-others
Figure,Fig.,0,Figure,Fig.,0,NNP,PP,1,1,spelling
as,for,0,as,for,0,IN,IN,1,1,bigrammar-prep
process,processes,0,process,process,1,NN,NNS,1,1,bigrammar-others
of,with,0,of,with,0,IN,IN,1,1,bigrammar-prep
?,the,0,?,the,0,?,DET,0,0,mogrammar-det
in,on,0,in,on,0,IN,IN,1,1,bigrammar-prep
detector,detectors,0,detector,detector,1,NN,NNS,1,1,bigrammar-others
?,a,0,?,a,0,?,DET,0,0,mogrammar-det
al,al.,0,al,al.,0,NN,PP,1,1,spelling
?,the,0,?,the,0,?,DET,0,0,mogrammar-det
?,the,0,?,the,0,?,DET,0,0,mogrammar-det
the,a,0,the,a,0,DET,DET,1,1,bigrammar-det
expression,expressions,0,expression,expression,1,NN,NNS,1,1,bigrammar-others
illumination,illuminations,0,illumination,illumination,1,NN,NNS,1,1,bigrammar-others
occlusion,occlusions,0,occlusion,occlusion,1,NN,NNS,1,1,bigrammar-others
?,the,0,?,the,0,?,DET,0,0,mogrammar-det
key-point,key-points,0,key-point,key-points,0,JJ,JJ,1,1,bigrammar-others
?,the,0,?,the,0,?,DET,0,0,mogrammar-det
low,lower,0,low,low,1,JJ,JJR,1,1,bigrammar-wform
by,?,0,by,?,0,IN,?,0,0,mogrammar-prep
that,which,0,that,which,0,IN,WDT,0,0,bigrammar-others
al,al.,0,al,al.,0,NN,PP,1,1,spelling
of,from,0,of,from,0,IN,IN,1,1,bigrammar-prep
the,an,0,the,an,0,DET,DET,0,1,bigrammar-det
employ,use,0,employ,use,0,VB,NN,1,1,paraphrase
?,a,0,?,a,0,?,DET,0,0,mogrammar-det
assume,view,0,assume,view,0,VB,NN,1,0,paraphrase
?,a,0,?,a,0,?,DET,0,0,mogrammar-det
system,systems,0,system,system,1,NN,NNS,1,1,bigrammar-others
face,faces,0,face,face,1,NN,NNS,1,1,bigrammar-others
deformable,deformed,0,deformable,deform,0,NN,VBN,1,0,bigrammar-wform
faces,face,0,face,face,1,NNS,NN,0,1,bigrammar-others
But,However,0,But,However,0,CC,RB,1,0,paraphrase
note,'it must be noted',0,note,'it must be note',0,NN,'PRP MD VB PPR',0,1,paraphrase
of,for,0,of,for,0,IN,IN,1,0,bigrammar-prep
error,errors,0,error,error,1,NN,NNS,1,1,bigrammar-others
?,the,0,?,the,0,?,DET,0,0,mogrammar-det
al,al.,0,al,al.,0,NN,PP,1,1,spelling
none,neither,0,none,neither,0,NN,DET,1,1,paraphrase
are,is,0,be,be,1,VBP,VBZ,1,1,bigrammar-others
considered,assumed,0,consider,assume,0,VBN,VBN,1,1,paraphrase
application,applications,0,application,application,1,NN,NNS,1,1,bigrammar-others
?,a,0,?,a,0,?,DET,0,0,mogrammar-det
of,with,0,of,with,0,IN,IN,1,1,bigrammar-prep
for,of,0,for,of,0,IN,IN,1,1,bigrammar-prep
by,with,0,by,with,0,IN,IN,1,1,bigrammar-prep
?,the,0,?,the,0,?,DET,0,0,mogrammar-det
an,?,0,an,?,0,DET,?,0,0,mogrammar-det
having,with,0,have,with,0,VBG,IN,1,0,paraphrase
get,obtain,0,get,obtain,0,VB,VB,1,1,paraphrase
?,an,0,?,an,0,?,DET,0,0,mogrammar-det
of,with,0,of,with,0,IN,IN,1,1,bigrammar-prep
by,using,0,by,use,0,IN,VBG,1,1,paraphrase
are,is,0,be,be,1,VBP,VBZ,1,1,bigrammar-others
?,a,0,?,a,0,?,DET,0,0,mogrammar-det
by,from,0,by,from,0,IN,IN,1,1,bigrammar-prep
graph,one,0,graph,one,0,NN,CD,1,1,paraphrase
The,An,0,The,An,0,DET,DET,1,0,bigrammar-det
the,these,0,the,these,0,DET,DET,1,1,bigrammar-det
the,a,0,the,a,0,DET,DET,1,0,bigrammar-det
Rank-By-Local-Density-Score,'rank-by-local-density score',0,Rank-By-Local-Density-Score,'rank-by-local-density score',0,JJ,'JJ POS',1,1,spelling
by,using,0,by,use,0,IN,VBG,1,0,paraphrase
the,?,0,the,?,0,DET,?,0,0,mogrammar-det
get,obtain,0,get,obtain,0,VB,VB,1,1,paraphrase
result,results,0,result,result,1,NN,NNS,1,1,bigrammar-others
?,the,0,?,the,0,?,DET,0,0,mogrammar-det
?,the,0,?,the,0,?,DET,0,0,mogrammar-det
?,an,0,?,an,0,?,DET,0,0,mogrammar-det
?,of,0,?,of,0,?,IN,0,0,mogrammar-prep
?,of,0,?,of,0,?,IN,0,0,mogrammar-prep
by,?,0,by,?,0,IN,?,0,0,mogrammar-prep
5,6,0,5,6,0,CD,CD,1,1,typo
list,lists,0,list,list,1,NN,NNS,1,0,bigrammar-others
The,?,0,The,?,0,DET,?,0,0,mogrammar-det
contains,contained,0,contain,contain,1,VBZ,JJ,1,1,bigrammar-vtense
bestfit,best-fit,0,bestfit,best-fit,0,NN,JJ,1,1,spelling
by,using,0,by,use,0,IN,VBG,1,1,paraphrase
the,?,0,the,?,0,DET,?,0,0,mogrammar-det
balance,balancing,0,balance,balance,1,NN,NN,1,1,bigrammar-wform
?,the,0,?,the,0,?,DET,0,0,mogrammar-det
?,a,0,?,a,0,?,DET,0,0,mogrammar-det
by,in,0,by,in,0,IN,IN,1,0,bigrammar-prep
the,?,0,the,?,0,DET,?,0,0,mogrammar-det
outliers,outlier,0,outlier,outlier,1,NNS,NN,1,1,bigrammar-wform
edge,edges,0,edge,edge,1,NN,NNS,1,1,bigrammar-others
for,?,0,for,?,0,IN,?,0,0,mogrammar-prep
require,requires,0,require,require,1,VB,VBZ,1,1,bigrammar-others
?,the,0,?,the,0,?,DET,0,0,mogrammar-det
relieable,reliable,0,relieable,reliable,0,NN,JJ,1,1,typo
makes,ranks,0,make,rank,0,VBZ,NNS,1,1,paraphrase
that,than,0,that,than,0,IN,IN,1,1,typo
the,a,0,the,a,0,DET,DET,1,1,bigrammar-det
as,using,0,as,use,0,IN,VBG,1,1,paraphrase
?,the,0,?,the,0,?,DET,0,0,mogrammar-det
at,of,0,at,of,0,IN,IN,1,0,bigrammar-prep
popular,common,0,popular,common,0,JJ,JJ,1,1,paraphrase
?,the,0,?,the,0,?,DET,0,0,mogrammar-det
by,using,0,by,use,0,IN,VBG,1,1,paraphrase
the,?,0,the,?,0,DET,?,0,0,mogrammar-det
multiple,several,0,multiple,several,0,JJ,JJ,0,1,paraphrase
the,a,0,the,a,0,DET,DET,1,1,bigrammar-det
adopted,used,0,adopt,use,0,VBN,VBN,1,1,paraphrase
on,from,0,on,from,0,IN,IN,1,1,bigrammar-prep
decomposing,'breaking down',0,decompose,'break down',0,VBG,'NN PPR',1,1,paraphrase
with,containing,0,with,contain,0,IN,VBG,1,1,paraphrase
which,that,0,which,that,0,WDT,IN,1,1,bigrammar-others
in,over,0,in,over,0,IN,IN,1,1,bigrammar-prep
?,the,0,?,the,0,?,DET,0,0,mogrammar-det
ratio,ratios,0,ratio,ratio,1,NN,NNS,1,1,bigrammar-others
of,in,0,of,in,0,IN,IN,1,1,bigrammar-prep
decision,decisions,0,decision,decision,1,NN,NNS,1,1,bigrammar-others
of,in,0,of,in,0,IN,IN,1,1,bigrammar-prep
remaining,remainder,0,remain,remainder,0,VBG,NN,1,1,paraphrase
the,this,0,the,this,0,DET,DET,1,1,bigrammar-det
?,the,0,?,the,0,?,DET,0,0,mogrammar-det
by,with,0,by,with,0,IN,IN,1,1,bigrammar-prep
by,with,0,by,with,0,IN,IN,1,0,bigrammar-prep
?,a,0,?,a,0,?,DET,0,0,mogrammar-det
?,the,0,?,the,0,?,DET,0,0,mogrammar-det
that,which,0,that,which,0,IN,WDT,1,1,bigrammar-others
details,detail,0,detail,detail,1,NNS,NN,1,1,bigrammar-others
that,which,0,that,which,0,IN,WDT,0,1,bigrammar-others
neighbor,neighboring,0,neighbor,neighbor,1,NN,JJ,1,1,bigrammar-wform
?,the,0,?,the,0,?,DET,0,0,mogrammar-det
frames,frame,0,frame,frame,1,NNS,NN,1,1,bigrammar-others
?,the,0,?,the,0,?,DET,0,0,mogrammar-det
neighbor,neighboring,0,neighbor,neighbor,1,NN,JJ,1,1,bigrammar-wform
Specifically,'In particular',0,Specifically,'In particular',0,RB,'IN PPR',1,1,paraphrase
?,the,0,?,the,0,?,DET,0,0,mogrammar-det
By,In,0,By,In,0,IN,IN,1,1,bigrammar-prep
treatments,treatment,0,treatment,treatment,1,NNS,NN,1,0,bigrammar-others
for,to,0,for,to,0,IN,TO,0,0,bigrammar-prep
?,the,0,?,the,0,?,DET,0,0,mogrammar-det
the,?,0,the,?,0,DET,?,0,0,mogrammar-det
feature,features,0,feature,feature,1,NN,NNS,1,1,bigrammar-others
?,the,0,?,the,0,?,DET,0,0,mogrammar-det
?,the,0,?,the,0,?,DET,0,0,mogrammar-det
it,its,0,it,it,1,PRP,PRPS,1,0,bigrammar-wform
neighbor,neighboring,0,neighbor,neighbor,1,NN,JJ,0,1,bigrammar-wform
?,a,0,?,a,0,?,DET,0,0,mogrammar-det
?,the,0,?,the,0,?,DET,0,0,mogrammar-det
distance,distances,0,distance,distance,1,NN,NNS,1,1,bigrammar-others
neighbor,neighboring,0,neighbor,neighbor,1,NN,JJ,1,1,bigrammar-wform
The,?,0,The,?,0,DET,?,0,0,mogrammar-det
is,are,0,be,be,1,VBZ,VBP,1,1,bigrammar-others
a,the,0,a,the,0,DET,DET,1,1,bigrammar-det
?,of,0,?,of,0,?,IN,0,0,mogrammar-prep
?,the,0,?,the,0,?,DET,0,0,mogrammar-det
SVM,SVMs,0,SVM,SVMs,0,NNP,NNP,1,1,bigrammar-others
by,using,0,by,use,0,IN,VBG,1,1,paraphrase
being,as,0,be,as,0,VBG,IN,1,1,paraphrase
being,as,0,be,as,0,VBG,IN,1,0,paraphrase
?,the,0,?,the,0,?,DET,0,0,mogrammar-det
of,from,0,of,from,0,IN,IN,1,0,bigrammar-prep
?,the,0,?,the,0,?,DET,0,0,mogrammar-det
which,that,0,which,that,0,WDT,IN,1,1,bigrammar-others
learn,train,0,learn,train,0,VB,NN,1,1,paraphrase
?,the,0,?,the,0,?,DET,0,0,mogrammar-det
?,for,0,?,for,0,?,IN,0,0,mogrammar-prep
produce,produces,0,produce,produce,1,VB,VBZ,1,1,bigrammar-others
8,eight,0,8,eight,0,CD,CD,1,1,spelling
length,long,0,length,long,0,NN,RB,1,1,bigrammar-wform
testing,test,0,test,test,1,NN,NN,0,1,paraphrase
with,within,0,with,within,0,IN,IN,1,0,bigrammar-prep
neighbor,neighboring,0,neighbor,neighbor,1,NN,JJ,1,1,bigrammar-wform
?,in,0,?,in,0,?,IN,0,0,mogrammar-prep
?,a,0,?,a,0,?,DET,0,0,mogrammar-det
?,the,0,?,the,0,?,DET,0,0,mogrammar-det
?,the,0,?,the,0,?,DET,0,0,mogrammar-det
measurement,measurements,0,measurement,measurement,1,NN,NNS,1,0,bigrammar-others
are,were,0,be,be,1,VBP,VBD,1,1,bigrammar-vtense
with,at,0,with,at,0,IN,IN,1,0,bigrammar-prep
the,a,0,the,a,0,DET,DET,0,1,bigrammar-det
show,list,0,show,list,0,NN,NN,1,1,paraphrase
its,their,0,it,their,0,PRPS,PRPS,1,1,bigrammar-det
is,was,0,be,be,1,VBZ,VBD,1,1,bigrammar-vtense
is,was,0,be,be,1,VBZ,VBD,1,1,bigrammar-vtense
compare,compared,0,compare,compare,1,VB,VBN,1,1,bigrammar-vtense
transitition,transition,0,transitition,transition,0,NN,NN,1,1,typo
superimpose,superimposed,0,superimpose,superimpose,1,NN,VBN,1,1,bigrammar-vtense
the,this,0,the,this,0,DET,DET,1,1,bigrammar-det
with,to,0,with,to,0,IN,TO,1,1,bigrammar-prep
?,a,0,?,a,0,?,DET,0,0,mogrammar-det
transition,transitions,0,transition,transition,1,NN,NNS,1,1,bigrammar-others
divided,divide,0,divide,divide,1,VBN,NN,1,1,bigrammar-vtense
by,with,0,by,with,0,IN,IN,1,1,bigrammar-prep
?,the,0,?,the,0,?,DET,0,0,mogrammar-det
edge,edges,0,edge,edge,1,NN,NNS,0,1,bigrammar-others
of,from,0,of,from,0,IN,IN,1,1,bigrammar-prep
Measure,Measures,0,Measure,Measures,0,NN,NNS,1,1,bigrammar-others
for,to,0,for,to,0,IN,TO,1,1,bigrammar-prep
one,ones,0,one,one,1,CD,NNS,1,1,bigrammar-others
well,accurately,0,well,accurately,0,RB,RB,1,1,spelling
one,ones,0,one,one,1,CD,NNS,1,1,bigrammar-others
The,?,0,The,?,0,DET,?,0,0,mogrammar-det
employed,used,0,employ,use,0,VBN,VBN,1,1,paraphrase
on,of,0,on,of,0,IN,IN,0,1,bigrammar-prep
Network,networks,0,Network,network,0,NNP,NNS,0,1,bigrammar-others
its,their,0,it,their,0,PRPS,PRPS,1,1,bigrammar-det
regards,regard,0,regard,regard,1,VBZ,NN,1,1,bigrammar-wform
represent,are,0,represent,be,0,VB,VBP,0,0,paraphrase
the,?,0,the,?,0,DET,?,0,0,mogrammar-det
of,of,1,of,of,1,IN,IN,1,1,bigrammar-prep
each,a,0,each,a,0,DET,DET,1,1,paraphrase
?,its,0,?,it,0,?,PRPS,0,0,mogrammar-det
?,these,0,?,these,0,?,DET,0,0,mogrammar-det
dimension,dimensions,0,dimension,dimension,1,NN,NNS,1,1,bigrammar-others
lower,smaller,0,low,smaller,0,JJR,JJR,1,1,paraphrase
that,those,0,that,those,0,IN,DET,1,1,bigrammar-det
classifier,classifier[s?],0,classifier,classifier[s?],0,NN,RRB,1,1,bigrammar-others
balance,balances,0,balance,balance,1,NN,NNS,1,1,bigrammar-others
a,an,0,a,an,0,DET,DET,1,1,bigrammar-det
histogram,histograms,0,histogram,histogram,1,NN,NNS,1,1,bigrammar-others
)-based-high-level,')-based high-level',0,)-based-high-level,')-based high-level',0,JJ,'NNP PPR',1,1,spelling
pattern,patterns,0,pattern,pattern,1,NN,NNS,1,1,bigrammar-others
the,?,0,the,?,0,DET,?,0,0,mogrammar-det
the,?,0,the,?,0,DET,?,0,0,mogrammar-det
layers,layer,0,layer,layer,1,NNS,NN,1,1,bigrammar-others
increase,lengthen,0,increase,lengthen,0,NN,VB,1,1,paraphrase
well,accurately,0,well,accurately,0,RB,RB,1,1,paraphrase
efficiently,efficient,0,efficiently,efficient,0,RB,JJ,1,0,bigrammar-wform
which,that,0,which,that,0,WDT,IN,1,1,bigrammar-others
for,to,0,for,to,0,IN,TO,1,1,bigrammar-prep
kinds,kind,0,kind,kind,1,NNS,NN,1,1,bigrammar-others
classifier,classifiers,0,classifier,classifier,1,NN,NNS,1,0,bigrammar-others
?,of,0,?,of,0,?,IN,0,0,mogrammar-prep
forms,formed,0,form,form,1,NNS,VBN,1,1,bigrammar-vtense
?,the,0,?,the,0,?,DET,0,0,mogrammar-det
?,the,0,?,the,0,?,DET,0,0,mogrammar-det
is,was,0,be,be,1,VBZ,VBD,0,1,bigrammar-vtense
to,with,0,to,with,0,TO,IN,1,1,bigrammar-prep
?,the,0,?,the,0,?,DET,0,0,mogrammar-det
?,the,0,?,the,0,?,DET,0,0,mogrammar-det
classifiers,classifier,0,classifier,classifier,1,NNS,NN,1,1,bigrammar-others
proved,proven,0,prove,prove,1,VBN,JJ,1,1,spelling
however,but,0,however,but,0,RB,CC,0,0,paraphrase
for,on,0,for,on,0,IN,IN,1,1,bigrammar-prep
comparable,similar,0,comparable,similar,0,JJ,JJ,1,0,paraphrase
performance,performances,0,performance,performance,1,NN,NNS,0,1,bigrammar-others
seriously,dramatically,0,seriously,dramatically,0,RB,RB,1,1,paraphrase
the,?,0,the,?,0,DET,?,0,0,mogrammar-det
through,?,0,through,?,0,IN,?,0,0,mogrammar-prep
that,which,0,that,which,0,IN,WDT,0,1,bigrammar-others
valuating,Evaluating,0,valuate,Evaluating,0,VBG,VBG,1,1,typo
affect,damage,0,affect,damage,0,VB,NN,1,1,paraphrase
?,the,0,?,the,0,?,DET,0,0,mogrammar-det
are,were,0,be,be,1,VBP,VBD,1,1,bigrammar-vtense
It,These,0,It,These,0,PRP,DET,1,0,paraphrase
consists,consisted,0,consist,consist,1,VBZ,VBN,0,1,bigrammar-vtense
?,the,0,?,the,0,?,DET,0,0,mogrammar-det
the,?,0,the,?,0,DET,?,0,0,mogrammar-det
are,were,0,be,be,1,VBP,VBD,1,1,bigrammar-vtense
varies,varied,0,vary,vary,1,VBZ,JJ,1,1,bigrammar-vtense
number,numbers,0,number,number,1,NN,NNS,1,1,bigrammar-others
has,produced,0,have,produce,0,VBZ,VBN,1,1,paraphrase
employs,uses,0,employ,use,0,VBZ,NNS,1,1,paraphrase
smaller,fewer,0,smaller,fewer,0,JJR,JJR,1,1,paraphrase
result,resulting,0,result,result,1,NN,VBG,1,1,bigrammar-wform
employing,using,0,employ,use,0,VBG,VBG,1,1,bigrammar-wform
presented,described,0,present,describe,0,VBN,VBN,1,1,paraphrase
measure,measures,0,measure,measure,1,NN,NNS,1,1,bigrammar-others
resulted,resultant,0,result,resultant,0,VBN,NN,1,1,bigrammar-wform
hard,difficulty,0,hard,difficulty,0,JJ,NN,1,0,paraphrase
?,the,0,?,the,0,?,DET,0,0,mogrammar-det
?,to,0,?,to,0,?,TO,0,0,mogrammar-prep
predict,predictive,0,predict,predictive,0,VB,JJ,1,1,bigrammar-wform
cost,costs,0,cost,cost,1,NN,NNS,1,0,bigrammar-others
idea,goal,0,idea,goal,0,NN,NN,1,1,paraphrase
find,finding,0,find,find,1,VB,NN,1,1,bigrammar-wform
equal,equally,0,equal,equally,0,JJ,RB,1,1,bigrammar-wform
distinguished,distinguishing,0,distinguish,distinguish,1,JJ,VBG,1,1,bigrammar-wform
windows,window-s,0,windows,window-s,0,NNS,JJ,1,1,spelling
reduce,reducinge,0,reduce,reducinge,0,VB,NN,1,1,bigrammar-wform
objective,objectives,0,objective,objective,1,NN,NNS,1,1,bigrammar-others
the,an,0,the,an,0,DET,DET,1,1,bigrammar-det
cutpoint,cut-point,0,cutpoint,cut-point,0,NN,JJ,0,1,spelling
number,numbers,0,number,number,1,NN,NNS,1,1,bigrammar-others
?,of,0,?,of,0,?,IN,0,0,mogrammar-prep
feature,features,0,feature,feature,1,NN,NNS,1,1,bigrammar-others
feature,features,0,feature,feature,1,NN,NNS,1,0,bigrammar-others
It,They,0,It,They,0,PRP,PRP,0,1,paraphrase
cascade,cascades,0,cascade,cascade,1,NN,NNS,1,1,bigrammar-others
have,hadve,0,have,hadve,0,VB,NN,1,1,bigrammar-vtense
?,an,0,?,an,0,?,DET,0,0,mogrammar-det
is,are,0,be,be,1,VBZ,VBP,1,1,bigrammar-others
Network,networks,0,Network,network,0,NNP,NNS,0,1,bigrammar-others
features,ones,0,feature,one,0,NNS,NNS,1,1,paraphrase
rate,rates,0,rate,rate,1,NN,NNS,1,1,bigrammar-others
procedure,procedures,0,procedure,procedure,1,NN,NNS,1,1,bigrammar-others
which,that,0,which,that,0,WDT,IN,1,1,bigrammar-others
huge,vast,0,huge,vast,0,JJ,JJ,1,1,paraphrase
Network,networks,0,Network,network,0,NNP,NNS,0,1,bigrammar-others
By,In,0,By,In,0,IN,IN,0,1,bigrammar-prep
with,by,0,with,by,0,IN,IN,1,1,bigrammar-prep
or,while,0,or,while,0,CC,IN,1,1,paraphrase
the,?,0,the,?,0,DET,?,0,0,mogrammar-det
fast,quickly,0,fast,quickly,0,RB,RB,1,1,paraphrase
turning,enabling,0,turn,enable,0,VBG,VBG,1,1,paraphrase
into,to,0,into,to,0,IN,TO,1,1,bigrammar-prep
classifying,classify,0,classify,classify,1,VBG,VB,1,1,bigrammar-wform
the,the,1,the,the,1,DET,DET,1,1,bigrammar-det
is,was,0,be,be,1,VBZ,VBD,1,1,bigrammar-vtense
through,throughout,0,through,throughout,0,IN,IN,1,0,bigrammar-prep
reuse,'have reused',0,reuse,'have reuse',0,NN,'VB POS',1,1,bigrammar-vtense
Haar-wavelet,'Haar wavelet',0,Haar-wavelet,'Haar wavelet',0,JJ,'NNP POS',1,1,spelling
to,?,0,to,?,0,TO,?,0,0,mogrammar-prep
previously,already,0,previously,already,0,RB,RB,0,0,paraphrase
the,?,0,the,?,0,DET,?,0,0,mogrammar-det
their,the,0,their,the,0,PRPS,DET,1,1,bigrammar-det
that,which,0,that,which,0,IN,WDT,0,1,bigrammar-others
the,its,0,the,it,0,DET,PRPS,1,1,bigrammar-det
propose,proposed,0,propose,propose,1,VB,JJ,1,1,bigrammar-vtense
propose,proposed,0,propose,propose,1,VB,JJ,1,0,bigrammar-vtense
the,a,0,the,a,0,DET,DET,0,1,bigrammar-det
the,a,0,the,a,0,DET,DET,1,1,bigrammar-det
well,accurately,0,well,accurately,0,RB,RB,1,1,paraphrase
Actually,However,0,Actually,However,0,RB,RB,1,1,paraphrase
the,?,0,the,?,0,DET,?,0,0,mogrammar-det
36x36,36x36-pixel,0,36x36,36x36-pixel,0,CD,JJ,1,1,spelling
quick,quickly,0,quick,quickly,0,JJ,RB,1,1,bigrammar-wform
advantages,advantage,0,advantage,advantage,1,NNS,NN,1,1,bigrammar-others
are,enable,0,be,enable,0,VBP,VB,1,1,paraphrase
in,?,0,in,?,0,IN,?,0,0,mogrammar-prep
fist,first,0,fist,first,0,RB,JJ,1,1,typo
from,in,0,from,in,0,IN,IN,1,1,bigrammar-prep
?,the,0,?,the,0,?,DET,0,0,mogrammar-det
non-linear,nonlinear,0,non-linear,nonlinear,0,JJ,NN,1,1,spelling
as,?,0,as,?,0,IN,?,0,0,mogrammar-prep
with,of,0,with,of,0,IN,IN,1,1,bigrammar-prep
?,the,0,?,the,0,?,DET,0,0,mogrammar-det
incorrect,incorrectly,0,incorrect,incorrectly,0,JJ,RB,1,1,bigrammar-wform
the,?,0,the,?,0,DET,?,0,0,mogrammar-det
the,the,1,the,the,1,DET,DET,1,1,bigrammar-det
rate,rates,0,rate,rate,1,NN,NNS,1,1,bigrammar-others
proved,proven,0,prove,prove,1,VBN,JJ,1,1,spelling
?,the,0,?,the,0,?,DET,0,0,mogrammar-det
fully,full,0,fully,full,0,RB,JJ,1,1,bigrammar-wform
is,was,0,be,be,1,VBZ,VBD,1,1,bigrammar-vtense
is,was,0,be,be,1,VBZ,VBD,1,1,bigrammar-vtense
is,was,0,be,be,1,VBZ,VBD,1,1,bigrammar-wform
correspondent,corresponding,0,correspondent,correspond,0,NN,JJ,1,1,bigrammar-wform
In,on,0,In,on,0,IN,IN,0,1,bigrammar-prep
with,of,0,with,of,0,IN,IN,1,0,bigrammar-prep
the,?,0,the,?,0,DET,?,0,0,mogrammar-det
which,that,0,which,that,0,WDT,IN,1,1,bigrammar-others
are,were,0,be,be,1,VBP,VBD,1,1,bigrammar-vtense
is,was,0,be,be,1,VBZ,VBD,1,1,bigrammar-vtense
the,an,0,the,an,0,DET,DET,1,1,bigrammar-det
that,one,0,that,one,0,IN,CD,1,1,paraphrase
while,and,0,while,and,0,IN,CC,1,1,paraphrase
which,that,0,which,that,0,WDT,IN,1,0,bigrammar-others
?,the,0,?,the,0,?,DET,0,0,mogrammar-det
number,numbers,0,number,number,1,NN,NNS,1,1,bigrammar-others
?,the,0,?,the,0,?,DET,0,0,mogrammar-det
is,was,0,be,be,1,VBZ,VBD,1,1,bigrammar-vtense
?,the,0,?,the,0,?,DET,0,0,mogrammar-det
run,ran,0,run,run,1,NN,VBD,1,0,bigrammar-vtense
run,was,0,run,be,0,NN,VBD,1,0,paraphrase
are,were,0,be,be,1,VBP,VBD,1,1,bigrammar-vtense
the,?,0,the,?,0,DET,?,0,0,mogrammar-det
the,?,0,the,?,0,DET,?,0,0,mogrammar-det
?,the,0,?,the,0,?,DET,0,0,mogrammar-det
a,an,0,a,an,0,DET,DET,1,1,bigrammar-det
smaller,shorter,0,smaller,short,0,JJR,JJR,1,1,paraphrase
everal,several,0,everal,several,0,NN,JJ,1,1,typo
?,for,0,?,for,0,?,IN,0,0,mogrammar-prep
vector,vectors,0,vector,vector,1,NN,NNS,1,1,bigrammar-others
resulted,yielded,0,result,yield,0,VBN,VBN,1,1,paraphrase
the,?,0,the,?,0,DET,?,0,0,mogrammar-det
approximate,approximately,0,approximate,approximately,0,JJ,RB,1,1,bigrammar-wform
Table,Tables,0,Table,Tables,0,NNP,NNS,1,1,bigrammar-others
from,by,0,from,by,0,IN,IN,1,1,bigrammar-prep
If,When,0,If,When,0,IN,WRB,1,1,paraphrase
rejects,rejected,0,reject,reject,1,VBZ,VBN,1,1,bigrammar-vtense
?,of,0,?,of,0,?,IN,0,0,mogrammar-prep
?,the,0,?,the,0,?,DET,0,0,mogrammar-det
runs,ran,0,run,run,1,NNS,VBD,1,1,bigrammar-vtense
are,achieving,0,be,achieve,0,VBP,VBG,0,1,paraphrase
is,was,0,be,be,1,VBZ,VBD,1,1,bigrammar-vtense
the,?,0,the,?,0,DET,?,0,0,mogrammar-det
rejects,rejected,0,reject,reject,1,VBZ,VBN,1,0,bigrammar-vtense
fast,quickly,0,fast,quickly,0,RB,RB,1,0,paraphrase
process,processed,0,process,process,1,NN,JJ,1,1,bigrammar-vtense
the,a,0,the,a,0,DET,DET,0,1,bigrammar-det
runs,ran,0,run,run,1,NNS,VBD,1,1,bigrammar-vtense
?,the,0,?,the,0,?,DET,0,0,mogrammar-det
in,?,0,in,?,0,IN,?,0,0,mogrammar-prep
it,they,0,it,they,0,PRP,PRP,1,1,bigrammar-others
?,the,0,?,the,0,?,DET,0,0,mogrammar-det
classifier,classifiers,0,classifier,classifier,1,NN,NNS,1,1,bigrammar-others
advantages,advantage,0,advantage,advantage,1,NNS,NN,1,0,bigrammar-others
from,of,0,from,of,0,IN,IN,0,1,bigrammar-prep
of,in,0,of,in,0,IN,IN,0,0,bigrammar-prep
among,between,0,among,between,0,IN,IN,1,0,bigrammar-prep
the,?,0,the,?,0,DET,?,0,0,mogrammar-det
the,?,0,the,?,0,DET,?,0,0,mogrammar-det
for,of,0,for,of,0,IN,IN,1,1,bigrammar-prep
the,?,0,the,?,0,DET,?,0,0,mogrammar-det
of,with,0,of,with,0,IN,IN,1,1,bigrammar-prep
?,that,0,?,that,0,?,IN,0,0,unaligned
of,in,0,of,in,0,IN,IN,1,1,bigrammar-prep
purpose,purposes,0,purpose,purpose,1,NN,NNS,1,1,bigrammar-others
paper,research,0,paper,research,0,NN,NN,1,1,paraphrase
relevancy,relevance,0,relevancy,relevance,0,NN,NN,1,1,spelling
with,of,0,with,of,0,IN,IN,1,1,bigrammar-prep
of,for,0,of,for,0,IN,IN,1,1,bigrammar-prep
?,is,0,?,be,0,?,VBZ,0,0,unaligned
show,demonstrated,0,show,demonstrate,0,NN,VBN,1,1,paraphrase
search,searches,0,search,search,1,NN,NNS,1,0,bigrammar-others
is,are,0,be,be,1,VBZ,VBP,0,1,bigrammar-others
of,?,0,of,?,0,IN,?,0,0,mogrammar-prep
relevancy,relevance,0,relevancy,relevance,0,NN,NN,0,1,paraphrase
low,poor,0,low,poor,0,JJ,JJ,0,1,paraphrase
of,from,0,of,from,0,IN,IN,1,1,bigrammar-prep
requires,involves,0,require,involve,0,VBZ,VBZ,1,1,paraphrase
number,numbers,0,number,number,1,NN,NNS,1,1,bigrammar-others
follow,pursued,0,follow,pursue,0,VB,JJ,1,1,paraphrase
of,with,0,of,with,0,IN,IN,1,1,bigrammar-prep
by,with,0,by,with,0,IN,IN,1,1,bigrammar-prep
engine,engines,0,engine,engine,1,NN,NNS,1,1,bigrammar-others
?,is,0,?,be,0,?,VBZ,0,0,unaligned
approaches,ones,0,approach,one,0,NNS,NNS,1,0,paraphrase
with,of,0,with,of,0,IN,IN,1,1,bigrammar-prep
so,?,0,so,?,0,RB,?,0,0,unaligned
?,the,0,?,the,0,?,DET,0,0,mogrammar-prep
?,the,0,?,the,0,?,DET,0,0,mogrammar-det
show,demonstrated,0,show,demonstrate,0,NN,VBN,1,1,paraphrase
with,of,0,with,of,0,IN,IN,1,0,bigrammar-prep
algorithm,algorithms,0,algorithm,algorithm,1,NN,NNS,1,1,bigrammar-others
can,could,0,can,could,0,MD,MD,1,1,bigrammar-vtense
the,?,0,the,?,0,DET,?,0,0,mogrammar-det
?,the,0,?,the,0,?,DET,0,0,mogrammar-det
for,of,0,for,of,0,IN,IN,1,1,bigrammar-prep
detect,detected,0,detect,detect,1,VB,VBN,0,1,bigrammar-vtense
group,grouped,0,group,group,1,NN,VBN,1,1,bigrammar-vtense
persons,people,0,person,people,0,NNS,NNS,1,1,spelling
persons,people,0,person,people,0,NNS,NNS,1,1,bigrammar-others
assume,assumed,0,assume,assume,1,VB,VBN,1,1,bigrammar-vtense
are,were,0,be,be,1,VBP,VBD,1,1,bigrammar-vtense
persons,people,0,person,people,0,NNS,NNS,1,0,bigrammar-others
?,the,0,?,the,0,?,DET,0,0,mogrammar-prep
collect,collected,0,collect,collect,1,JJ,VBN,1,0,bigrammar-vtense
the,?,0,the,?,0,DET,?,0,0,mogrammar-det
are,were,0,be,be,1,VBP,VBD,1,1,bigrammar-vtense
is,was,0,be,be,1,VBZ,VBD,1,1,bigrammar-vtense
to,with,0,to,with,0,TO,IN,1,1,bigrammar-prep
use,used,0,use,use,1,NN,VBN,1,1,bigrammar-vtense
of,from,0,of,from,0,IN,IN,1,1,bigrammar-others
can,could,0,can,could,0,MD,MD,1,1,bigrammar-vtense
person,'people\'s',0,person,people\s,0,NN,POS,1,1,paraphrase
know,knew,0,know,know,1,VB,VBD,1,1,bigrammar-vtense
of,for,0,of,for,0,IN,IN,1,1,bigrammar-prep
can,could,0,can,could,0,MD,MD,1,1,bigrammar-vtense
is,was,0,be,be,1,VBZ,VBD,1,1,bigrammar-vtense
for,in,0,for,in,0,IN,IN,1,1,bigrammar-prep
label,labels,0,label,label,1,NN,NNS,1,1,bigrammar-others
face,faces,0,face,face,1,NN,NNS,1,1,bigrammar-others
firstly,first,0,firstly,first,0,RB,JJ,0,1,bigrammar-wform
of,from,0,of,from,0,IN,IN,1,1,bigrammar-prep
in,within,0,in,within,0,IN,IN,1,1,bigrammar-prep
Secondly,Second,0,Secondly,Second,0,RB,NNP,1,1,bigrammar-wform
the,a,0,the,a,0,DET,DET,1,1,bigrammar-det
given,given,1,give,give,1,VBN,VBN,0,0,duplicate
the,?,0,the,?,0,DET,?,0,0,mogrammar-det
filename,filenames,0,filename,filename,1,NN,NNS,1,1,bigrammar-others
caption,captions,0,caption,caption,1,NN,NNS,1,1,bigrammar-others
the,?,0,the,?,0,DET,?,0,0,mogrammar-det
among,between,0,among,between,0,IN,IN,1,1,bigrammar-prep
relevancy,relevance,0,relevancy,relevance,0,NN,NN,1,1,spelling
for,to,0,for,to,0,IN,TO,1,1,bigrammar-prep
in,to,0,in,to,0,IN,TO,1,1,bigrammar-prep
are,were,0,be,be,1,VBP,VBD,1,1,bigrammar-vtense
makes,made,0,make,make,1,VBZ,VBN,1,1,bigrammar-vtense
are,were,0,be,be,1,VBP,VBD,1,1,bigrammar-vtense
?,a,0,?,a,0,?,DET,0,0,mogrammar-det
In,?,0,In,?,0,IN,?,0,0,unaligned
is,was,0,be,be,1,VBZ,VBD,1,1,bigrammar-vtense
learns,learned,0,learn,learn,1,VBZ,VBN,1,0,bigrammar-vtense
relevancy,relevance,0,relevancy,relevance,0,NN,NN,0,1,paraphrase
to,of,0,to,of,0,TO,IN,1,1,bigrammar-prep
car,cars,0,car,car,1,NN,NNS,1,0,bigrammar-inter
flag,flags,0,flag,flag,1,NN,NNS,0,1,bigrammar-inter
is,was,0,be,be,1,VBZ,VBD,1,1,bigrammar-vtense
extend,extended,0,extend,extend,1,VB,JJ,1,1,bigrammar-vtense
by,in,0,by,in,0,IN,IN,1,1,bigrammar-prep
means,ways,0,mean,ways,0,NNS,NNS,1,1,paraphrase
for,to,0,for,to,0,IN,TO,1,1,bigrammar-prep
is,are,0,be,be,1,VBZ,VBP,1,1,bigrammar-others
the,?,0,the,?,0,DET,?,0,0,mogrammar-det
feature,features,0,feature,feature,1,NN,NNS,1,1,bigrammar-others
return,returned,0,return,return,1,NN,VBN,1,1,bigrammar-vtense
?,the,0,?,the,0,?,DET,0,0,mogrammar-det
the,a,0,the,a,0,DET,DET,1,1,bigrammar-det
the,a,0,the,a,0,DET,DET,1,1,bigrammar-det
?,the,0,?,the,0,?,DET,0,0,mogrammar-det
Meanwhile,Further,0,Meanwhile,Further,0,RB,RB,1,1,paraphrase
the,a,0,the,a,0,DET,DET,1,1,bigrammar-det
which,that,0,which,that,0,WDT,IN,1,1,bigrammar-others
with,of,0,with,of,0,IN,IN,1,1,bigrammar-others
relevancy,relevance,0,relevancy,relevance,0,NN,NN,1,1,paraphrase
the,?,0,the,?,0,DET,?,0,0,mogrammar-det
is,was,0,be,be,1,VBZ,VBD,1,1,bigrammar-vtense
filename,filenames,0,filename,filename,1,NN,NNS,1,1,bigrammar-others
title,titles,0,title,title,1,NN,NNS,1,1,bigrammar-others
and,or,0,and,or,0,CC,CC,1,1,bigrammar-others
the,?,0,the,?,0,DET,?,0,0,mogrammar-det
term,terms,0,term,term,1,NN,NNS,1,1,bigrammar-others
the,?,0,the,?,0,DET,?,0,0,mogrammar-det
proposed,propose,0,propose,propose,1,JJ,VB,1,1,bigrammar-vtense
for,of,0,for,of,0,IN,IN,0,1,bigrammar-prep
among,between,0,among,between,0,IN,IN,1,1,bigrammar-prep
word,words,0,word,word,1,NN,NNS,1,1,bigrammar-others
assume,assumed,0,assume,assume,1,VB,VBN,1,1,bigrammar-vtense
are,were,0,be,be,1,VBP,VBD,1,1,bigrammar-vtense
cluster,clusters,0,cluster,cluster,1,NN,NNS,1,1,bigrammar-others
of,in,0,of,in,0,IN,IN,1,1,bigrammar-prep
?,of,0,?,of,0,?,IN,0,0,mogrammar-prep
the,?,0,the,?,0,DET,?,0,0,mogrammar-det
the,a,0,the,a,0,DET,DET,1,1,bigrammar-det
a,?,0,a,?,0,DET,?,0,0,mogrammar-det
of,in,0,of,in,0,IN,IN,1,1,bigrammar-prep
of,for,0,of,for,0,IN,IN,1,1,bigrammar-prep
of,for,0,of,for,0,IN,IN,1,1,bigrammar-prep
it,this,0,it,this,0,PRP,DET,1,1,paraphrase
?,the,0,?,the,0,?,DET,0,0,mogrammar-det
of,for,0,of,for,0,IN,IN,1,1,bigrammar-prep
?,the,0,?,the,0,?,DET,0,0,mogrammar-det
?,a,0,?,a,0,?,DET,0,0,mogrammar-det
an,a,0,an,a,0,DET,DET,1,1,bigrammar-det
?,the,0,?,the,0,?,DET,0,0,mogrammar-det
It,This,0,It,This,0,PRP,DET,1,1,paraphrase
requires,involves,0,require,involve,0,VBZ,VBZ,1,0,paraphrase
collect,collecting,0,collect,collect,1,JJ,VBG,1,1,bigrammar-wform
persons,people,0,person,people,0,NNS,NNS,1,1,paraphrase
persons;,people,0,persons;,people,0,PPS,NNS,1,0,paraphrase
?,that,0,?,that,0,?,IN,0,0,mogrammar-det
shown,seen,0,show,see,0,VBN,VBN,1,1,bigrammar-vtense
persons,people,0,person,people,0,NNS,NNS,1,1,paraphrase
are,is,0,be,be,1,VBP,VBZ,1,1,bigrammar-wform
persons,people,0,person,people,0,NNS,NNS,1,1,paraphrase
of,where,0,of,where,0,IN,WRB,1,1,bigrammar-others
persons,people,0,person,people,0,NNS,NNS,1,1,paraphrase
satisfied,satisfying,0,satisfy,satisfy,1,JJ,JJ,0,0,bigrammar-wform
?,a,0,?,a,0,?,DET,0,0,mogrammar-det
of,from,0,of,from,0,IN,IN,1,0,bigrammar-prep
?,the,0,?,the,0,?,DET,0,0,mogrammar-det
are,were,0,be,be,1,VBP,VBD,1,1,bigrammar-vtense
7,seven,0,7,seven,0,CD,CD,1,1,paraphrase
3,three,0,3,three,0,CD,CD,1,1,paraphrase
persons,people,0,person,people,0,NNS,NNS,1,1,paraphrase
of,from,0,of,from,0,IN,IN,1,1,bigrammar-prep
was,were,0,be,be,1,VBD,VBD,1,1,bigrammar-wform
?,the,0,?,the,0,?,DET,0,0,mogrammar-det
are,were,0,be,be,1,VBP,VBD,1,1,bigrammar-vtense
picked,selected,0,pick,select,0,VBN,JJ,1,1,paraphrase
7,seven,0,7,seven,0,CD,CD,1,1,paraphrase
persons,people,0,person,people,0,NNS,NNS,1,1,paraphrase
does,did,0,do,do,1,VBZ,VBD,1,1,bigrammar-vtense
knows,knew,0,know,know,1,VBZ,VBD,1,1,bigrammar-vtense
represent,represented,0,represent,represent,1,VB,VBN,1,1,bigrammar-vtense
persons,people,0,person,people,0,NNS,NNS,1,1,paraphrase
of,in,0,of,in,0,IN,IN,1,1,bigrammar-prep
?,the,0,?,the,0,?,DET,0,0,mogrammar-det
?,of,0,?,of,0,?,IN,0,0,mogrammar-prep
?,of,0,?,of,0,?,IN,0,0,mogrammar-prep
the,?,0,the,?,0,DET,?,0,0,mogrammar-det
into,in,0,into,in,0,IN,IN,1,1,bigrammar-prep
the,a,0,the,a,0,DET,DET,1,1,bigrammar-det
is,was,0,be,be,1,VBZ,VBD,1,1,bigrammar-vtense
4,four,0,4,four,0,CD,CD,1,1,paraphrase
9,nine,0,9,nine,0,CD,CD,1,1,paraphrase
In,?,0,In,?,0,IN,?,0,0,mogrammar-prep
are,were,0,be,be,1,VBP,VBD,1,1,bigrammar-vtense
are,were,0,be,be,1,VBP,VBD,1,1,bigrammar-vtense
the,a,0,the,a,0,DET,DET,1,1,bigrammar-det
?,a,0,?,a,0,?,DET,0,0,mogrammar-det
has,had,0,have,have,1,VBZ,VBD,1,1,bigrammar-vtense
the,?,0,the,?,0,DET,?,0,0,mogrammar-det
the,?,0,the,?,0,DET,?,0,0,mogrammar-det
?,the,0,?,the,0,?,DET,0,0,mogrammar-det
compare,compared,0,compare,compare,1,VB,VBN,1,1,bigrammar-vtense
is,was,0,be,be,1,VBZ,VBD,1,1,bigrammar-vtense
is,was,0,be,be,1,VBZ,VBD,1,1,bigrammar-vtense
is,was,0,be,be,1,VBZ,VBD,1,1,bigrammar-vtense
is,was,0,be,be,1,VBZ,VBD,1,1,bigrammar-vtense
is,was,0,be,be,1,VBZ,VBD,1,1,bigrammar-vtense
is,was,0,be,be,1,VBZ,VBD,1,1,bigrammar-vtense
by,with,0,by,with,0,IN,IN,1,1,bigrammar-others
is,was,0,be,be,1,VBZ,VBD,1,1,bigrammar-vtense
is,was,0,be,be,1,VBZ,VBD,1,1,bigrammar-vtense
is,was,0,be,be,1,VBZ,VBD,1,1,bigrammar-vtense
for,of,0,for,of,0,IN,IN,1,1,bigrammar-prep
?,the,0,?,the,0,?,DET,0,0,mogrammar-det
for,?,0,for,?,0,IN,?,0,0,mogrammar-prep
is,was,0,be,be,1,VBZ,VBD,1,0,bigrammar-vtense
is,was,0,be,be,1,VBZ,VBD,1,1,bigrammar-vtense
are,were,0,be,be,1,VBP,VBD,1,1,bigrammar-vtense
models,modeled,0,model,model,1,NNS,VBN,1,1,bigrammar-vtense
uses,used,0,use,use,1,NNS,VBN,1,1,bigrammar-vtense
uses,used,0,use,use,1,NNS,VBN,1,1,bigrammar-vtense
The,?,0,The,?,0,DET,?,0,0,mogrammar-det
for,for,1,for,for,1,IN,IN,0,1,preserved
systems,systems,1,system,system,1,NNS,NNS,1,1,preserved
such,such,1,such,such,1,JJ,JJ,1,1,preserved
as,as,1,as,as,1,IN,IN,1,1,preserved
DistScore-TrainGoogleImages,DistScore-TrainGoogleImages,1,DistScore-TrainGoogleImages,DistScore-TrainGoogleImages,1,JJ,JJ,1,1,preserved
NNScore-TrainGoogleImages,NNScore-TrainGoogleImages,1,NNScore-TrainGoogleImages,NNScore-TrainGoogleImages,1,JJ,JJ,1,1,preserved
DistScore-TrainTRECVID,DistScore-TrainTRECVID,1,DistScore-TrainTRECVID,DistScore-TrainTRECVID,1,JJ,JJ,1,1,preserved
and,and,1,and,and,1,CC,CC,1,1,preserved
NNScore-TrainTRECVID,NNScore-TrainTRECVID,1,NNScore-TrainTRECVID,NNScore-TrainTRECVID,1,JJ,JJ,1,0,preserved
curves,curves,1,curve,curve,1,NNS,NNS,0,0,preserved
show,plot,0,show,plot,0,NN,NN,1,1,paraphrase
the,the,1,the,the,1,DET,DET,0,1,preserved
correlation,correlation,1,correlation,correlation,1,NN,NN,1,1,preserved
between,between,1,between,between,1,IN,IN,1,0,preserved
the,?,0,the,?,0,DET,?,0,0,mogrammar-det
performance,performance,1,performance,performance,1,NN,NN,0,1,preserved
and,and,1,and,and,1,CC,CC,1,1,preserved
the,the,1,the,the,1,DET,DET,1,1,preserved
number,number,1,number,number,1,NN,NN,1,1,preserved
of,of,1,of,of,1,IN,IN,1,1,preserved
features,features,1,feature,feature,1,NNS,NNS,1,0,preserved
.,.,1,.,.,1,PP,PP,0,1,preserved
-DistScore,-DistScore,1,-DistScore,-DistScore,1,NNP,NNP,1,0,preserved
is,performed,0,be,perform,0,VBZ,VBN,1,1,paraphrase
significantly,significantly,1,significantly,significantly,1,RB,RB,0,1,preserved
better,better,1,good,good,1,RB,RB,1,1,preserved
than,than,1,than,than,1,IN,IN,1,0,preserved
NNScore,NNScore,1,NNScore,NNScore,1,NNP,NNP,0,1,preserved
.,.,1,.,.,1,PP,PP,1,1,preserved
-The,-The,1,-The,-The,1,NNP,NNP,1,1,preserved
performance,performance,1,performance,performance,1,NN,NN,1,1,preserved
of,of,1,of,of,1,IN,IN,1,1,preserved
DistScore,DistScore,1,DistScore,DistScore,1,NNP,NNP,1,1,preserved
and,and,1,and,and,1,CC,CC,1,1,preserved
NNScore,NNScore,1,NNScore,NNScore,1,NNP,NNP,1,0,preserved
are,was,0,be,be,1,VBP,VBD,1,1,bigrammar-vtense
not,not,1,not,not,1,RB,RB,0,1,preserved
affected,affected,1,affect,affect,1,JJ,JJ,1,1,preserved
by,by,1,by,by,1,IN,IN,1,1,preserved
selecting,selecting,1,select,select,1,NN,NN,1,1,preserved
the,the,1,the,the,1,DET,DET,1,1,preserved
number,number,1,number,number,1,NN,NN,1,1,preserved
of,of,1,of,of,1,IN,IN,1,1,preserved
features,features,1,feature,feature,1,NNS,NNS,1,1,preserved
.,.,1,.,.,1,PP,PP,1,1,preserved
Therefore,Therefore,1,Therefore,Therefore,1,RB,RB,1,1,preserved
',',',',1,',',',',1,PPR,PPR,1,1,preserved
we,we,1,we,we,1,PRP,PRP,1,0,preserved
can,could,0,can,could,0,MD,MD,1,1,bigrammar-vtense
use,use,1,use,use,1,NN,NN,0,1,preserved
small,small,1,small,small,1,JJ,JJ,1,0,preserved
number,numbers,0,number,number,1,NN,NNS,1,1,bigrammar-others
of,of,1,of,of,1,IN,IN,0,1,preserved
features,features,1,feature,feature,1,NNS,NNS,1,0,preserved
the,the,1,the,the,1,DET,DET,0,1,preserved
computational,computational,1,computational,computational,1,NN,NN,1,1,preserved
cost,cost,1,cost,cost,1,NN,NN,1,1,preserved
.,.,1,.,.,1,PP,PP,1,1,preserved
-The,-The,1,-The,-The,1,NNP,NNP,1,1,preserved
performance,performance,1,performance,performance,1,NN,NN,1,1,preserved
of,of,1,of,of,1,IN,IN,1,1,preserved
the,the,1,the,the,1,DET,DET,1,1,preserved
system,system,1,system,system,1,NN,NN,1,1,preserved
using,using,1,use,use,1,VBG,VBG,1,0,preserved
the,?,0,the,?,0,DET,?,0,0,mogrammar-det
training,training,1,train,train,1,NN,NN,0,1,preserved
data,data,1,datum,datum,1,NNS,NNS,1,1,preserved
generated,generated,1,generate,generate,1,VBN,VBN,1,1,preserved
artificially,artificially,1,artificially,artificially,1,RB,RB,1,0,preserved
by,with,0,by,with,0,IN,IN,1,1,bigrammar-others
our,our,1,our,our,1,PRPS,PRPS,0,1,preserved
method,method,1,method,method,1,NN,NN,1,0,preserved
is,was,0,be,be,1,VBZ,VBD,1,1,bigrammar-vtense
comparable,comparable,1,comparable,comparable,1,JJ,JJ,0,0,preserved
with,to,0,with,to,0,IN,TO,1,1,bigrammar-prep
that,that,1,that,that,1,IN,IN,0,1,preserved
of,of,1,of,of,1,IN,IN,1,1,preserved
the,the,1,the,the,1,DET,DET,1,1,preserved
system,system,1,system,system,1,NN,NN,1,1,preserved
using,using,1,use,use,1,VBG,VBG,1,0,preserved
training,training,1,train,train,1,NN,NN,0,1,preserved
data,data,1,datum,datum,1,NNS,NNS,1,1,preserved
returned,returned,1,return,return,1,VBN,VBN,1,1,preserved
by,by,1,by,by,1,IN,IN,1,1,preserved
search,search,1,search,search,1,NN,NN,1,1,preserved
engines,engines,1,engine,engine,1,NNS,NNS,1,1,preserved
.,.,1,.,.,1,PP,PP,1,1,preserved
method,method,1,method,method,1,NN,NN,0,0,preserved
DistScore-TrainTRECVID,DistScore-TrainTRECVID,1,DistScore-TrainTRECVID,DistScore-TrainTRECVID,1,JJ,JJ,0,0,preserved
to,to,1,to,to,1,TO,TO,0,1,preserved
the,the,1,the,the,1,DET,DET,1,0,preserved
method,method,1,method,method,1,NN,NN,0,1,preserved
in,in,1,in,in,1,IN,IN,1,0,preserved
specific,specific,1,specific,specific,1,JJ,JJ,0,1,preserved
classifier-based,classifier-based,1,classifier-based,classifier-based,1,JJ,JJ,1,1,preserved
approach,approach,1,approach,approach,1,NN,NN,1,0,preserved
.,.,1,.,.,1,PP,PP,1,1,preserved
It,It,1,It,It,1,PRP,PRP,1,0,preserved
outperforms,outperformed,0,outperform,outperform,1,VBZ,VBN,1,1,bigrammar-vtense
the,the,1,the,the,1,DET,DET,0,1,preserved
method,method,1,method,method,1,NN,NN,1,0,preserved
only,only,1,only,only,1,RB,RB,0,1,preserved
visual,visual,1,visual,visual,1,JJ,JJ,1,1,preserved
information,information,1,information,information,1,NN,NN,1,0,preserved
-Our,-Our,1,-Our,-Our,1,NNP,NNP,1,1,preserved
proposed,proposed,1,propose,propose,1,JJ,JJ,1,1,preserved
method,method,1,method,method,1,NN,NN,1,1,preserved
DistScore-TrainTRECVID,DistScore-TrainTRECVID,1,DistScore-TrainTRECVID,DistScore-TrainTRECVID,1,JJ,JJ,1,0,preserved
outperforms,outperformed,0,outperform,outperform,1,VBZ,VBN,1,1,bigrammar-vtense
the,the,1,the,the,1,DET,DET,0,1,preserved
method,method,1,method,method,1,NN,NN,1,1,preserved
proposed,proposed,1,propose,propose,1,JJ,JJ,1,1,preserved
by,by,1,by,by,1,IN,IN,1,1,preserved
Krapac,Krapac,1,Krapac,Krapac,1,NNP,NNP,1,1,preserved
et,et,1,et,et,1,NNP,NNP,1,0,preserved
faces,faces,1,face,face,1,NNS,NNS,0,1,preserved
.,.,1,.,.,1,PP,PP,1,1,preserved
As,As,1,As,As,1,IN,IN,1,0,preserved
shown,seen,0,show,see,0,VBN,VBN,1,1,bigrammar-vtense
in,in,1,in,in,1,IN,IN,0,1,preserved
Figure,Figure,1,Figure,Figure,1,NNP,NNP,1,1,preserved
\REF,\REF,1,\REF,\REF,1,NNP,NNP,1,1,preserved
',',',',1,',',',',1,PPR,PPR,1,1,preserved
DistScore-TrainTRECVID,DistScore-TrainTRECVID,1,DistScore-TrainTRECVID,DistScore-TrainTRECVID,1,JJ,JJ,1,0,preserved
outperforms,outperformed,0,outperform,outperform,1,VBZ,VBN,1,0,bigrammar-vtense
original,original,1,original,original,1,JJ,JJ,0,1,preserved
ranking,ranking,1,rank,rank,1,JJ,JJ,1,1,preserved
of,of,1,of,of,1,IN,IN,1,0,preserved
Google,Google,1,Google,Google,1,NNP,NNP,0,1,preserved
Images,Images,1,Images,Images,1,NNS,NNS,1,1,preserved
Search,Search,1,Search,Search,1,NN,NN,1,1,preserved
Engine,Engine,1,Engine,Engine,1,NNP,NNP,1,1,preserved
if,if,1,if,if,1,IN,IN,1,0,preserved
from,from,1,from,from,1,IN,IN,0,1,preserved
20,20,1,20,20,1,CD,CD,1,1,preserved
to,to,1,to,to,1,TO,TO,1,1,preserved
50,50,1,50,50,1,CD,CD,1,1,preserved
features,features,1,feature,feature,1,NNS,NNS,1,0,preserved
.,.,1,.,.,1,PP,PP,0,1,preserved
The,The,1,The,The,1,DET,DET,1,0,preserved
result,results,0,result,result,1,NN,NNS,1,0,bigrammar-others
of,for,0,of,for,0,IN,IN,0,1,bigrammar-prep
DistScore-TrainTRECVID,DistScore-TrainTRECVID,1,DistScore-TrainTRECVID,DistScore-TrainTRECVID,1,JJ,JJ,0,1,preserved
on,on,1,on,on,1,IN,IN,1,0,preserved
YahooNews,YahooNews,1,YahooNews,YahooNews,1,NNP,NNP,0,1,preserved
Images,Images,1,Images,Images,1,NNS,NNS,1,1,preserved
set,set,1,set,set,1,NN,NN,1,1,preserved
and,and,1,and,and,1,CC,CC,1,1,preserved
Google,Google,1,Google,Google,1,NNP,NNP,1,1,preserved
Images,Images,1,Images,Images,1,NNS,NNS,1,1,preserved
set,set,1,set,set,1,NN,NN,1,0,preserved
indicates,indicate,0,indicate,indicate,1,VBZ,VB,1,1,bigrammar-wform
that,that,1,that,that,1,IN,IN,0,1,preserved
the,the,1,the,the,1,DET,DET,1,1,preserved
relevance,relevance,1,relevance,relevance,1,NN,NN,1,1,preserved
classifier,classifier,1,classifier,classifier,1,NN,NN,1,0,preserved
of,with,0,of,with,0,IN,IN,1,1,bigrammar-prep
our,our,1,our,our,1,PRPS,PRPS,0,1,preserved
proposed,proposed,1,propose,propose,1,JJ,JJ,1,1,preserved
method,method,1,method,method,1,NN,NN,1,0,preserved
is,was,0,be,be,1,VBZ,VBD,1,1,bigrammar-vtense
able,able,1,able,able,1,JJ,JJ,0,1,preserved
to,to,1,to,to,1,TO,TO,1,1,preserved
generalize,generalize,1,generalize,generalize,1,VB,VB,1,1,preserved
well,well,1,well,well,1,RB,RB,1,1,preserved
on,on,1,on,on,1,IN,IN,1,1,preserved
different,different,1,different,different,1,JJ,JJ,1,1,preserved
queries,queries,1,query,query,1,NNS,NNS,1,1,preserved
and,and,1,and,and,1,CC,CC,1,0,preserved
with,of,0,with,of,0,IN,IN,1,1,bigrammar-prep
underlying,underlying,1,underlie,underlie,1,JJ,JJ,0,1,preserved
ranking,ranking,1,rank,rank,1,JJ,JJ,1,1,preserved
algorithms,algorithms,1,algorithm,algorithm,1,NNS,NNS,1,0,preserved
search,search,1,search,search,1,NN,NN,0,1,preserved
engines,engines,1,engine,engine,1,NNS,NNS,1,1,preserved
.,.,1,.,.,1,PP,PP,1,1,preserved
Figure,Figure,1,Figure,Figure,1,NNP,NNP,1,1,preserved
\REF,\REF,1,\REF,\REF,1,NNP,NNP,1,1,preserved
shows,shows,1,show,show,1,NNS,NNS,1,1,preserved
an,an,1,an,an,1,DET,DET,1,1,preserved
example,example,1,example,example,1,NN,NN,1,1,preserved
of,of,1,of,of,1,IN,IN,1,1,preserved
re-ranking,re-ranking,1,re-ranking,re-ranking,1,JJ,JJ,1,0,preserved
result,results,0,result,result,1,NN,NNS,1,0,bigrammar-others
of,for,0,of,for,0,IN,IN,0,0,bigrammar-prep
top-30,top-30,1,top-30,top-30,1,CD,CD,0,1,preserved
faces,faces,1,face,face,1,NNS,NNS,1,1,preserved
for,for,1,for,for,1,IN,IN,1,1,preserved
the,the,1,the,the,1,DET,DET,1,1,preserved
query,query,1,query,query,1,NN,NN,1,1,preserved
John,John,1,John,John,1,NNP,NNP,1,1,preserved
Paul,Paul,1,Paul,Paul,1,NNP,NNP,1,0,preserved
that,which,0,that,which,0,IN,WDT,0,1,bigrammar-others
is,is,1,be,be,1,VBZ,VBZ,0,1,preserved
one,one,1,one,one,1,CD,CD,1,1,preserved
of,of,1,of,of,1,IN,IN,1,1,preserved
the,the,1,the,the,1,DET,DET,1,1,preserved
most,most,1,most,most,1,JJS,JJS,1,1,preserved
difficult,difficult,1,difficult,difficult,1,JJ,JJ,1,1,preserved
cases,cases,1,case,case,1,NNS,NNS,1,0,preserved
of,in,0,of,in,0,IN,IN,1,1,bigrammar-prep
the,the,1,the,the,1,DET,DET,0,1,preserved
YahooNews,YahooNews,1,YahooNews,YahooNews,1,NNP,NNP,1,1,preserved
Images,Images,1,Images,Images,1,NNS,NNS,1,1,preserved
set,set,1,set,set,1,NN,NN,1,1,preserved
.,.,1,.,.,1,PP,PP,1,1,preserved
The,The,1,The,The,1,DET,DET,1,0,preserved
result,results,0,result,result,1,NN,NNS,1,1,bigrammar-others
clearly,clearly,1,clearly,clearly,1,RB,RB,0,0,preserved
shows,demonstrate,0,show,demonstrate,0,NNS,VB,1,1,paraphrase
that,that,1,that,that,1,IN,IN,0,1,preserved
our,our,1,our,our,1,PRPS,PRPS,1,1,preserved
proposed,proposed,1,propose,propose,1,JJ,JJ,1,1,preserved
method,method,1,method,method,1,NN,NN,1,0,preserved
outperforms,outperformed,0,outperform,outperform,1,VBZ,VBN,1,1,bigrammar-vtense
the,the,1,the,the,1,DET,DET,0,1,preserved
other,other,1,other,other,1,JJ,JJ,1,0,preserved
methods,methods,1,method,method,1,NNS,NNS,0,1,preserved
.,.,1,.,.,1,PP,PP,1,1,preserved
Our,Our,1,Our,Our,1,PRPS,PRPS,1,1,preserved
query-dependent,query-dependent,1,query-dependent,query-dependent,1,JJ,JJ,1,1,preserved
feature,feature,1,feature,feature,1,NN,NN,1,0,preserved
is,was,0,be,be,1,VBZ,VBD,1,1,bigrammar-vtense
based,based,1,base,base,1,VBN,VBN,0,1,preserved
on,on,1,on,on,1,IN,IN,1,0,preserved
nearest,nearest,1,near,near,1,IN,IN,0,1,preserved
neighbors,neighbors,1,neighbor,neighbor,1,NNS,NNS,1,1,preserved
of,of,1,of,of,1,IN,IN,1,0,preserved
the,?,0,the,?,0,DET,?,0,0,mogrammar-det
images,images,1,image,image,1,NNS,NNS,0,1,preserved
in,in,1,in,in,1,IN,IN,1,1,preserved
the,the,1,the,the,1,DET,DET,1,1,preserved
returned,returned,1,return,return,1,VBN,VBN,1,1,preserved
image,image,1,image,image,1,NN,NN,1,1,preserved
set,set,1,set,set,1,NN,NN,1,1,preserved
that,that,1,that,that,1,IN,IN,1,1,preserved
usually,usually,1,usually,usually,1,RB,RB,1,1,preserved
have,have,1,have,have,1,VB,VB,1,0,preserved
complexity,complexity,1,complexity,complexity,1,NN,NN,0,1,preserved
of,of,1,of,of,1,IN,IN,1,1,preserved
\MATH,\MATH,1,\MATH,\MATH,1,NNP,NNP,1,1,preserved
',',',',1,',',',',1,PPR,PPR,1,1,preserved
where,where,1,where,where,1,WRB,WRB,1,1,preserved
\MATH,\MATH,1,\MATH,\MATH,1,NNP,NNP,1,1,preserved
is,is,1,be,be,1,VBZ,VBZ,1,1,preserved
the,the,1,the,the,1,DET,DET,1,1,preserved
total,total,1,total,total,1,JJ,JJ,1,1,preserved
number,number,1,number,number,1,NN,NN,1,1,preserved
of,of,1,of,of,1,IN,IN,1,1,preserved
images,images,1,image,image,1,NNS,NNS,1,1,preserved
in,in,1,in,in,1,IN,IN,1,1,preserved
the,the,1,the,the,1,DET,DET,1,1,preserved
set,set,1,set,set,1,NN,NN,1,1,preserved
.,.,1,.,.,1,PP,PP,1,1,preserved
However,However,1,However,However,1,RB,RB,1,1,preserved
',',',',1,',',',',1,PPR,PPR,1,1,preserved
recent,recent,1,recent,recent,1,JJ,JJ,1,1,preserved
studies,studies,1,study,study,1,NNS,NNS,1,1,preserved
on,on,1,on,on,1,IN,IN,1,1,preserved
indexing,indexing,1,index,index,1,NN,NN,1,1,preserved
techniques,techniques,1,technique,technique,1,NNS,NNS,1,1,preserved
such,such,1,such,such,1,JJ,JJ,1,1,preserved
as,as,1,as,as,1,IN,IN,1,1,preserved
\MATH,\MATH,1,\MATH,\MATH,1,NNP,NNP,1,1,preserved
-d,-d,1,-d,-d,1,NNP,NNP,1,1,preserved
tree,tree,1,tree,tree,1,NN,NN,1,1,preserved
',',',',1,',',',',1,PPR,PPR,1,1,preserved
(,(,1,(,(,1,LRB,LRB,1,1,preserved
LSH,LSH,1,LSH,LSH,1,NNP,NNP,1,1,preserved
),),1,),),1,RRB,RRB,1,1,preserved
',',',',1,',',',',1,PPR,PPR,1,1,preserved
and,and,1,and,and,1,CC,CC,1,0,preserved
\CITE,\CITE,1,\CITE,\CITE,1,NNP,NNP,0,0,preserved
can,could,0,can,could,0,MD,MD,1,0,bigrammar-vtense
speed,speed,1,speed,speed,1,NN,NN,0,1,preserved
up,up,1,up,up,1,IN,IN,1,1,preserved
the,the,1,the,the,1,DET,DET,1,1,preserved
nearest,nearest,1,near,near,1,IN,IN,1,1,preserved
neighbor,neighbor,1,neighbor,neighbor,1,NN,NN,1,1,preserved
search,search,1,search,search,1,NN,NN,1,0,preserved
significantly,significantly,1,significantly,significantly,1,RB,RB,0,0,preserved
For,For,1,For,For,1,IN,IN,1,1,preserved
example,example,1,example,example,1,NN,NN,1,1,preserved
the,the,1,the,the,1,DET,DET,1,1,preserved
complexity,complexity,1,complexity,complexity,1,NN,NN,1,1,preserved
of,of,1,of,of,1,IN,IN,1,0,preserved
fast,fast,1,fast,fast,1,RB,RB,0,1,preserved
lookup,lookup,1,lookup,lookup,1,NN,NN,1,1,preserved
of,of,1,of,of,1,IN,IN,1,1,preserved
$k$,$k$,1,$k$,$k$,1,PPD,PPD,1,1,preserved
approximate,approximate,1,approximate,approximate,1,JJ,JJ,1,1,preserved
nearest,nearest,1,near,near,1,IN,IN,1,1,preserved
neighbors,neighbors,1,neighbor,neighbor,1,NNS,NNS,1,1,preserved
is,is,1,be,be,1,VBZ,VBZ,1,1,preserved
\MATH,\MATH,1,\MATH,\MATH,1,NNP,NNP,1,1,preserved
\CITE,\CITE,1,\CITE,\CITE,1,NNP,NNP,1,1,preserved
?,the,0,?,the,0,?,DET,0,0,mogrammar-det
Studying,Studying,1,Studying,Studying,1,VBG,VBG,1,1,preserved
other,other,1,other,other,1,JJ,JJ,1,1,preserved
techniques,techniques,1,technique,technique,1,NNS,NNS,1,1,preserved
to,to,1,to,to,1,TO,TO,1,0,preserved
speedup,'speed up',0,speedup,'speed up',0,NN,'NN POS',1,1,paraphrase
the,the,1,the,the,1,DET,DET,0,0,preserved
query-feature,query-feature,1,query-feature,query-feature,1,JJ,JJ,0,1,preserved
extraction,extraction,1,extraction,extraction,1,NN,NN,1,0,preserved
process,process,1,process,process,1,NN,NN,0,0,preserved
is,is,1,be,be,1,VBZ,VBZ,0,1,preserved
our,our,1,our,our,1,PRPS,PRPS,1,1,preserved
next,next,1,next,next,1,JJ,JJ,1,1,preserved
step,step,1,step,step,1,NN,NN,1,1,preserved
in,in,1,in,in,1,IN,IN,1,1,preserved
future,future,1,future,future,1,JJ,JJ,1,1,preserved
work,work,1,work,work,1,NN,NN,1,1,preserved
.,.,1,.,.,1,PP,PP,1,1,preserved
?,of,0,?,of,0,?,IN,0,0,mogrammar-prep
It,It,1,It,It,1,PRP,PRP,1,1,wa
is,is,1,be,be,1,VBZ,VBZ,1,1,wa
worth,worth,1,worth,worth,1,JJ,JJ,1,1,wa
noting,noting,1,note,note,1,VBG,VBG,1,1,wa
that,that,1,that,that,1,IN,IN,1,1,wa
keeping,keeping,1,keep,keep,1,VBG,VBG,1,0,wa
inreasing,increasing,0,inreasing,increase,0,VBG,VBG,1,1,wa
\MATH,\MATH,1,\MATH,\MATH,1,NNP,NNP,0,1,wa
may,may,1,may,may,1,MD,MD,1,1,wa
not,not,1,not,not,1,RB,RB,1,1,wa
always,always,1,always,always,1,RB,RB,1,1,wa
give,give,1,give,give,1,VB,VB,1,1,wa
better,better,1,good,good,1,RB,RB,1,1,wa
precision,precision,1,precision,precision,1,NN,NN,1,0,wa
since,since,1,since,since,1,IN,IN,0,1,wa
precision,precision,1,precision,precision,1,NN,NN,1,1,wa
relies,relies,1,rely,rely,1,VBZ,VBZ,1,1,wa
on,on,1,on,on,1,IN,IN,1,1,wa
not,not,1,not,not,1,RB,RB,1,1,wa
only,only,1,only,only,1,RB,RB,1,1,wa
\MATH,\MATH,1,\MATH,\MATH,1,NNP,NNP,1,1,wa
but,but,1,but,but,1,CC,CC,1,1,wa
also,also,1,also,also,1,RB,RB,1,1,wa
the,the,1,the,the,1,DET,DET,1,1,wa
robustness,robustness,1,robustness,robustness,1,NNS,NNS,1,1,wa
of,of,1,of,of,1,IN,IN,1,1,wa
the,the,1,the,the,1,DET,DET,1,1,wa
region,region,1,region,region,1,NN,NN,1,0,wa
comparision,comparison,0,comparision,comparison,0,NN,NN,1,1,wa
techniques,techniques,1,technique,technique,1,NNS,NNS,0,1,wa
.,.,1,.,.,1,PP,PP,1,1,wa
?,',',0,?,',',0,?,PPR,0,0,wa
Recommend-Me,Recommend-Me,1,Recommend-Me,Recommend-Me,1,JJ,JJ,1,1,wa
cannot,cannot,1,cannot,cannot,1,NN,NN,1,1,wa
provide,provide,1,provide,provide,1,VB,VB,1,1,wa
any,any,1,any,any,1,DET,DET,1,1,wa
hit,hit,1,hit,hit,1,NN,NN,1,1,wa
recommendation,recommendation,1,recommendation,recommendation,1,NN,NN,1,1,wa
for,for,1,for,for,1,IN,IN,1,1,wa
around,around,1,around,around,1,IN,IN,1,1,wa
'20\%','20\%',1,'20\%','20\%',1,POS,POS,1,1,wa
of,of,1,of,of,1,IN,IN,1,0,wa
initial,initial,1,initial,initial,1,JJ,JJ,0,1,wa
query,query,1,query,query,1,NN,NN,1,1,wa
images,images,1,image,image,1,NNS,NNS,1,1,wa
due,due,1,due,due,1,JJ,JJ,1,1,wa
to,to,1,to,to,1,TO,TO,1,1,wa
the,the,1,the,the,1,DET,DET,1,1,wa
fact,fact,1,fact,fact,1,NN,NN,1,1,wa
that,that,1,that,that,1,IN,IN,1,1,wa
our,our,1,our,our,1,PRPS,PRPS,1,1,wa
region,region,1,region,region,1,NN,NN,1,0,wa
comparision,comparison,0,comparision,comparison,0,NN,NN,1,1,wa
technique,technique,1,technique,technique,1,NN,NN,0,1,wa
cannot,cannot,1,cannot,cannot,1,NN,NN,1,1,wa
deal,deal,1,deal,deal,1,NN,NN,1,1,wa
with,with,1,with,with,1,IN,IN,1,1,wa
significant,significant,1,significant,significant,1,JJ,JJ,1,1,wa
variations,variations,1,variation,variation,1,NNS,NNS,1,0,wa
of,in,0,of,in,0,IN,IN,1,0,wa
items,items,1,item,item,1,NNS,NNS,0,1,wa
.,.,1,.,.,1,PP,PP,1,1,wa
?,'the the',0,?,'the the',0,?,'DET POS',0,0,wa
Figure,Figure,1,Figure,Figure,1,NNP,NNP,1,1,wa
5(,5(,1,5(,5(,1,LRB,LRB,1,1,wa
b,b,1,b,b,1,NN,NN,1,1,wa
),),1,),),1,RRB,RRB,1,1,wa
shows,shows,1,show,show,1,NNS,NNS,1,1,wa
another,another,1,another,another,1,DET,DET,1,1,wa
circumstance,circumstance,1,circumstance,circumstance,1,NN,NN,1,1,wa
when,when,1,when,when,1,WRB,WRB,1,1,wa
we,we,1,we,we,1,PRP,PRP,1,1,wa
increase,increase,1,increase,increase,1,NN,NN,1,1,wa
\MATH,\MATH,1,\MATH,\MATH,1,NNP,NNP,1,1,wa
.,.,1,.,.,1,PP,PP,1,1,wa
?,?,1,?,?,1,?,?,1,1,wa
It,It,1,It,It,1,PRP,PRP,1,1,wa
is,is,1,be,be,1,VBZ,VBZ,1,1,wa
the,the,1,the,the,1,DET,DET,1,1,wa
decline,decline,1,decline,decline,1,NN,NN,1,0,wa
of,in,0,of,in,0,IN,IN,1,0,wa
efficiency,efficiency,1,efficiency,efficiency,1,NN,NN,0,1,wa
improvement,improvement,1,improvement,improvement,1,NN,NN,1,1,wa
of,of,1,of,of,1,IN,IN,1,1,wa
Recommend-Me,Recommend-Me,1,Recommend-Me,Recommend-Me,1,JJ,JJ,1,1,wa
.,.,1,.,.,1,PP,PP,1,1,wa
?,the,0,?,the,0,?,DET,0,0,wa
This,This,1,This,This,1,DET,DET,1,1,wa
is,is,1,be,be,1,VBZ,VBZ,1,1,wa
because,because,1,because,because,1,IN,IN,1,1,wa
the,the,1,the,the,1,DET,DET,1,1,wa
branch-and-bound,branch-and-bound,1,branch-and-bound,branch-and-bound,1,JJ,JJ,1,1,wa
algorithm,algorithm,1,algorithm,algorithm,1,NN,NN,1,1,wa
has,has,1,have,have,1,VBZ,VBZ,1,1,wa
to,to,1,to,to,1,TO,TO,1,1,wa
visit,visit,1,visit,visit,1,NN,NN,1,1,wa
more,more,1,more,more,1,JJR,JJR,1,1,wa
parts,parts,1,part,part,1,NNS,NNS,1,1,wa
of,of,1,of,of,1,IN,IN,1,1,wa
the,the,1,the,the,1,DET,DET,1,1,wa
total,total,1,total,total,1,JJ,JJ,1,1,wa
search,search,1,search,search,1,NN,NN,1,1,wa
space,space,1,space,space,1,NN,NN,1,1,wa
in,in,1,in,in,1,IN,IN,1,1,wa
order,order,1,order,order,1,NN,NN,1,1,wa
to,to,1,to,to,1,TO,TO,1,1,wa
find,find,1,find,find,1,VB,VB,1,1,wa
extra,extra,1,extra,extra,1,JJ,JJ,1,1,wa
local,local,1,local,local,1,JJ,JJ,1,0,wa
optimals,opitimals,0,optimals,opitimals,0,NNS,NNS,1,1,wa
.,.,1,.,.,1,PP,PP,0,1,wa
?,?,1,?,?,1,?,?,1,1,wa
However,However,1,However,However,1,RB,RB,1,1,wa
',',',',1,',',',',1,PPR,PPR,1,1,wa
in,in,1,in,in,1,IN,IN,1,1,wa
all,all,1,all,all,1,DET,DET,1,1,wa
of,of,1,of,of,1,IN,IN,1,1,wa
our,our,1,our,our,1,PRPS,PRPS,1,1,wa
evaluations,evaluations,1,evaluation,evaluation,1,NNS,NNS,1,1,wa
',',',',1,',',',',1,PPR,PPR,1,1,wa
Recommend-Me,Recommend-Me,1,Recommend-Me,Recommend-Me,1,JJ,JJ,1,1,wa
still,still,1,still,still,1,RB,RB,1,0,wa
performs,performed,0,perform,perform,1,VBZ,VBN,1,1,wa
around,around,1,around,around,1,IN,IN,0,0,wa
3,three,0,3,three,0,CD,CD,1,1,wa
times,times,1,time,time,1,NNS,NNS,0,1,wa
faster,faster,1,fast,fast,1,RBR,RBR,1,1,wa
than,than,1,than,than,1,IN,IN,1,1,wa
the,the,1,the,the,1,DET,DET,1,1,wa
exhaustive,exhaustive,1,exhaustive,exhaustive,1,JJ,JJ,1,1,wa
search,search,1,search,search,1,NN,NN,1,1,wa
.,.,1,.,.,1,PP,PP,1,1,wa
?,?,1,?,?,1,?,?,1,1,wa
Its,This,0,Its,This,0,PRPS,DET,1,0,wa
superiority,advantage,0,superiority,advantage,0,NN,NN,0,0,wa
is,will,0,be,will,0,VBZ,MD,0,0,wa
important,important,1,important,important,1,JJ,JJ,0,1,wa
for,for,1,for,for,1,IN,IN,1,1,wa
practical,practical,1,practical,practical,1,JJ,JJ,1,1,wa
applications,applications,1,application,application,1,NNS,NNS,1,1,wa
.,.,1,.,.,1,PP,PP,1,1,wa
?,be,0,?,be,0,?,VB,0,0,wa
Figure,Figure,1,Figure,Figure,1,NNP,NNP,1,1,wa
\REF,\REF,1,\REF,\REF,1,NNP,NNP,1,1,wa
presents,presents,1,present,present,1,NNS,NNS,1,1,wa
examples,examples,1,example,example,1,NNS,NNS,1,1,wa
of,of,1,of,of,1,IN,IN,1,1,wa
hit,hit,1,hit,hit,1,NN,NN,1,1,wa
recommendations,recommendations,1,recommendation,recommendation,1,NNS,NNS,1,1,wa
returned,returned,1,return,return,1,VBN,VBN,1,0,wa
by,?,0,by,?,0,IN,?,0,0,wa
our,?,0,our,?,0,PRPS,?,0,0,wa
Recommend-Me,byRecommend-Me,0,Recommend-Me,byRecommend-Me,0,JJ,JJ,0,1,wa
.,.,1,.,.,1,PP,PP,0,1,wa
?,?,1,?,?,1,?,?,1,1,wa
In,We,0,In,We,0,IN,PRP,1,0,wa
this,?,0,this,?,0,DET,?,0,0,wa
paper,?,0,paper,?,0,NN,?,0,0,wa
',',?,0,',',?,0,PPR,?,0,0,wa
we,?,0,we,?,0,PRP,?,0,0,wa
introduced,?,0,introduce,?,0,VBN,?,0,0,wa
a,?,0,a,?,0,DET,?,0,0,wa
new,?,0,new,?,0,JJ,?,0,0,wa
system,?,0,system,?,0,NN,?,0,0,wa
',',',',1,',',',',1,PPR,PPR,0,1,wa
named,named,1,name,name,1,VBN,VBN,1,1,wa
Recommend-Me,Recommend-Me,1,Recommend-Me,Recommend-Me,1,JJ,JJ,1,1,wa
',',',',1,',',',',1,PPR,PPR,1,1,wa
for,for,1,for,for,1,IN,IN,1,0,wa
visual,visual,1,visual,visual,1,JJ,JJ,0,1,wa
query,query,1,query,query,1,NN,NN,1,0,wa
suggestion,'described oursystem making suggestions',0,suggestion,'describe oursystem make suggestion',0,NN,'VBD NN VBG POS',0,1,wa
.,.,1,.,.,1,PP,PP,0,1,wa
?,?,1,?,?,1,?,?,1,1,wa
Given,Given,1,Given,Given,1,VBN,VBN,1,1,wa
an,an,1,an,an,1,DET,DET,1,1,wa
initial,initial,1,initial,initial,1,JJ,JJ,1,1,wa
query,query,1,query,query,1,NN,NN,1,1,wa
image,image,1,image,image,1,NN,NN,1,1,wa
and,and,1,and,and,1,CC,CC,1,1,wa
a,a,1,a,a,1,DET,DET,1,1,wa
retrieved,retrieved,1,retrieve,retrieve,1,VBN,VBN,1,1,wa
database,database,1,database,database,1,NN,NN,1,1,wa
',',',',1,',',',',1,PPR,PPR,1,1,wa
Recommend-Me,Recommend-Me,1,Recommend-Me,Recommend-Me,1,JJ,JJ,1,0,wa
introduces,gives,0,introduce,give,0,VBZ,VBZ,1,1,wa
recommendations,recommendations,1,recommendation,recommendation,1,NNS,NNS,0,1,wa
that,that,1,that,that,1,IN,IN,1,0,wa
imposes,'impose conditions on',0,impose,'impose condition on',0,VBZ,'VB NNS POS',1,1,wa
which,which,1,which,which,1,WDT,WDT,0,1,wa
and,and,1,and,and,1,CC,CC,1,1,wa
how,how,1,how,how,1,WRB,WRB,1,1,wa
frequent,frequent,1,frequent,frequent,1,JJ,JJ,1,1,wa
items,items,1,item,item,1,NNS,NNS,1,1,wa
in,in,1,in,in,1,IN,IN,1,1,wa
the,the,1,the,the,1,DET,DET,1,1,wa
initial,initial,1,initial,initial,1,JJ,JJ,1,1,wa
query,query,1,query,query,1,NN,NN,1,1,wa
image,image,1,image,image,1,NN,NN,1,1,wa
appear,appear,1,appear,appear,1,VB,VB,1,1,wa
in,in,1,in,in,1,IN,IN,1,1,wa
the,the,1,the,the,1,DET,DET,1,1,wa
database,database,1,database,database,1,NN,NN,1,1,wa
.,.,1,.,.,1,PP,PP,1,1,wa
?,?,1,?,?,1,?,?,1,1,wa
Such,Such,1,Such,Such,1,JJ,JJ,1,1,wa
recommendations,recommendations,1,recommendation,recommendation,1,NNS,NNS,1,0,wa
support,help,0,support,help,0,NN,NN,1,1,wa
users,users,1,user,user,1,NNS,NNS,0,1,wa
to,to,1,to,to,1,TO,TO,1,1,wa
select,select,1,select,select,1,JJ,JJ,1,0,wa
search,search,1,search,search,1,NN,NN,0,1,wa
query,query,1,query,query,1,NN,NN,1,1,wa
',',',',1,',',',',1,PPR,PPR,1,1,wa
to,to,1,to,to,1,TO,TO,1,1,wa
rapidly,rapidly,1,rapidly,rapidly,1,RB,RB,1,1,wa
refine,refine,1,refine,refine,1,VB,VB,1,1,wa
the,the,1,the,the,1,DET,DET,1,1,wa
initial,initial,1,initial,initial,1,JJ,JJ,1,1,wa
query,query,1,query,query,1,NN,NN,1,1,wa
image,image,1,image,image,1,NN,NN,1,1,wa
or,or,1,or,or,1,CC,CC,1,1,wa
to,to,1,to,to,1,TO,TO,1,1,wa
explore,explore,1,explore,explore,1,VB,VB,1,1,wa
the,the,1,the,the,1,DET,DET,1,1,wa
database,database,1,database,database,1,NN,NN,1,1,wa
.,.,1,.,.,1,PP,PP,1,1,wa
?,the,0,?,the,0,?,DET,0,0,wa
An,An,1,An,An,1,DET,DET,1,1,wa
efficient,efficient,1,efficient,efficient,1,JJ,JJ,1,1,wa
solution,solution,1,solution,solution,1,NN,NN,1,1,wa
to,to,1,to,to,1,TO,TO,1,1,wa
make,make,1,make,make,1,VB,VB,1,1,wa
Recommend-Me,Recommend-Me,1,Recommend-Me,Recommend-Me,1,JJ,JJ,1,1,wa
practical,practical,1,practical,practical,1,JJ,JJ,1,0,wa
is,was,0,be,be,1,VBZ,VBD,1,0,wa
presented,'also presented',0,present,'also present',0,VBN,'RB PPR',0,1,wa
.,.,1,.,.,1,PP,PP,1,1,wa
?,?,1,?,?,1,?,?,1,1,wa
To,To,1,To,To,1,TO,TO,1,1,wa
the,the,1,the,the,1,DET,DET,1,1,wa
best,best,1,good,good,1,RB,RB,1,1,wa
of,of,1,of,of,1,IN,IN,1,1,wa
our,our,1,our,our,1,PRPS,PRPS,1,1,wa
knowledge,knowledge,1,knowledge,knowledge,1,NN,NN,1,1,wa
',',',',1,',',',',1,PPR,PPR,1,1,wa
Recommend-Me,Recommend-Me,1,Recommend-Me,Recommend-Me,1,JJ,JJ,1,1,wa
is,is,1,be,be,1,VBZ,VBZ,1,1,wa
the,the,1,the,the,1,DET,DET,1,1,wa
first,first,1,first,first,1,JJ,JJ,1,1,wa
attempt,'attempt at',0,attempt,'attempt at',0,NN,'NN POS',1,0,wa
toward,developing,0,toward,develop,0,IN,VBG,0,0,wa
its,a,0,it,a,0,PRPS,DET,0,1,wa
targeted,targeted,1,target,target,1,JJ,JJ,0,1,wa
suggestion,suggestion,1,suggestion,suggestion,1,NN,NN,1,1,wa
scheme,scheme,1,scheme,scheme,1,NN,NN,1,1,wa
.,.,1,.,.,1,PP,PP,1,1,wa
?,?,1,?,?,1,?,?,1,1,wa
